Voertuigcode;Voertuigtype;Nummerplaat;Merk_model_serie;Datum laatste keuring;Datum laatste onderhoud;Onderhoud_mins;Onderhoud_Kosten
1111;Bus;FV-37-MR;Berkhof C201-B;25-11-2020;12-2-2019;85;487.5
1859;Tram;ZA-73-KB;VDL T3200;7-10-2019;29-3-2018;345;737.5
1633;Bus;YZ-26-UL;Leyland A2-BG;24-10-2018;19-7-2019;385;1250
1584;Tram;TN-39-KT;Mercedes L60-II;21-8-2020;2-1-2019;200;837.5
1677;Bus;TF-18-BY;VDL T3200;10-9-2018;26-2-2019;380;1025
1581;Bus;WT-59-PQ;Leyland A2-BG;21-10-2020;15-12-2018;175;725
1207;Tram;OI-93-BF;Berkhof C201-C;30-3-2019;28-8-2019;210;250
1568;Tram;HV-58-XH;Leyland A2-BF;4-3-2020;11-12-2018;425;1075
1515;Bus;JD-22-FE;DAF G870;24-8-2020;31-7-2018;350;775
1322;Bus;JL-71-ZF;VDL T3200;1-9-2018;29-8-2020;445;1150
1180;Bus;YS-16-CC;VDL T3200;10-2-2018;18-11-2020;165;862.5
1077;Bus;TJ-21-AM;Leyland A2-BF;10-1-2020;18-7-2018;260;650
1209;Bus;HV-68-FZ;DAF G890;14-2-2018;19-10-2018;235;887.5
1442;Tram;AH-41-NW;Berkhof C201-C;30-3-2018;10-3-2018;480;575
1856;Bus;SP-49-RQ;Leyland A2-BF;11-12-2019;5-7-2018;235;600
1515;Tram;DV-62-ZO;DAF G100;17-8-2019;23-1-2019;250;362.5
1353;Bus;YZ-52-WX;Berkhof C201;9-8-2018;22-10-2019;420;1225
1128;Tram;DR-62-DL;Leyland A2-BG;16-7-2019;20-4-2018;450;187.5
1043;Tram;ZN-71-AD;DAF G870;1-7-2019;2-11-2019;305;987.5
1433;Tram;DV-11-XA;Berkhof C201-B;28-3-2018;20-7-2020;260;200
1040;Bus;QJ-59-YE;Leyland A2-BF;5-6-2020;23-11-2019;235;787.5
1444;Bus;FQ-79-GK;Mercedes L60;16-10-2019;30-8-2018;250;187.5
1653;Bus;QS-26-OO;DAF G890;24-5-2019;14-11-2019;465;400
1613;Bus;OC-34-LX;Berkhof C201;8-1-2018;5-2-2019;120;325
1487;Bus;EZ-43-QM;DAF G100;31-10-2018;5-7-2018;290;1050
1711;Bus;SD-79-ZO;VDL T3200;19-8-2019;2-6-2020;80;1250
1051;Tram;BZ-77-JS;Mercedes L40;21-3-2019;1-6-2018;450;425
1079;Bus;LS-85-XV;DAF G870;7-11-2020;6-6-2019;125;1087.5
1456;Bus;KJ-94-OH;Mercedes L40;26-7-2020;14-4-2018;135;262.5
1696;Tram;GK-82-OU;Leyland A2-BF;12-7-2020;19-9-2019;190;137.5
1294;Tram;QG-16-CI;Berkhof C201-B;13-5-2018;25-10-2019;500;512.5
1317;Bus;JS-87-EA;DAF G890;20-2-2019;8-12-2018;65;1162.5
1572;Tram;KH-51-UH;Berkhof C201-B;12-6-2020;19-8-2019;355;1025
1550;Bus;AB-55-TA;Leyland A2-BF;1-2-2020;16-4-2018;165;1225
1001;Tram;UK-31-HY;Leyland A2-BF;16-9-2018;10-7-2020;500;1000
1786;Bus;NT-86-LZ;Berkhof C201-B;12-1-2018;17-8-2019;195;487.5
1116;Tram;DV-27-JE;Berkhof C201-B;4-8-2018;16-5-2018;255;975
1341;Bus;JO-65-WY;Mercedes L40;11-12-2018;13-7-2020;285;912.5
1420;Bus;HK-47-PB;Berkhof C201;2-7-2020;4-8-2018;70;425
1275;Tram;HC-95-SG;VDL T800;12-5-2019;21-10-2020;475;1225
1289;Bus;OM-77-FQ;VDL T800;15-11-2019;11-9-2020;60;625
1845;Bus;NL-63-AD;VDL T3200;23-9-2019;17-8-2020;335;1175
1760;Tram;BY-97-TV;VDL T1800-B;10-4-2019;21-3-2019;105;712.5
1399;Bus;VD-56-HV;DAF G890;18-10-2019;27-9-2020;290;187.5
1040;Tram;HW-34-TQ;Berkhof C201-C;29-4-2019;4-8-2019;215;550
1929;Bus;WL-37-FY;Mercedes L40;22-9-2020;24-9-2020;55;987.5
1842;Bus;AH-29-TP;VDL T3200;22-3-2019;21-1-2020;440;800
1276;Bus;QM-38-DR;Leyland A2-BG;3-11-2018;14-5-2020;435;825
1176;Bus;DN-19-EJ;Leyland A2-BG;14-3-2020;1-9-2020;265;1250
1024;Tram;AS-13-VB;Leyland A2-BF;14-3-2020;4-1-2018;295;937.5
1041;Bus;MZ-42-HB;Berkhof C201;31-3-2018;19-11-2020;120;725
1296;Tram;XM-86-WK;DAF G890;5-3-2019;28-7-2019;190;1012.5
1432;Bus;PI-64-QI;Berkhof C201-C;6-9-2020;12-12-2018;450;25
1088;Bus;IP-23-BF;Leyland A2-BG;9-3-2019;22-5-2018;55;1250
1077;Tram;PT-61-NA;Mercedes L60-II;15-4-2018;22-8-2019;415;637.5
1878;Tram;AU-81-OQ;DAF G890;31-7-2018;1-3-2019;135;25
1884;Bus;RB-83-UD;VDL T1800-B;26-2-2019;24-2-2018;290;437.5
1522;Tram;SR-76-TF;Berkhof C201-B;17-6-2018;2-9-2018;65;650
1003;Tram;IP-37-IT;DAF G870;18-2-2020;19-9-2019;365;812.5
1041;Bus;QC-89-CH;Leyland A2-BG;24-5-2019;29-11-2019;225;1187.5
1963;Tram;BW-93-DJ;VDL T3200;2-7-2020;1-10-2018;410;900
1398;Bus;UF-37-PT;Berkhof C201-C;8-1-2019;2-3-2020;410;462.5
1528;Bus;JJ-29-QX;Berkhof C201;12-4-2018;18-4-2020;380;162.5
1363;Bus;YK-65-YL;Leyland A2-BG;13-2-2018;28-8-2020;440;287.5
1645;Tram;SL-98-EC;DAF G870;2-8-2018;2-5-2019;205;700
1433;Tram;RY-88-TO;Berkhof C201-B;11-4-2019;13-12-2018;290;1150
1633;Tram;NR-78-MN;Berkhof C201-C;5-7-2018;17-8-2019;290;512.5
1363;Bus;LU-15-JB;Mercedes L60-II;18-10-2020;5-8-2019;110;300
1079;Tram;FT-84-FI;Berkhof C201;9-2-2019;27-6-2018;175;1112.5
1577;Bus;YA-28-XB;Leyland A2-BF;11-5-2019;19-5-2018;255;637.5
1560;Bus;PO-17-UF;Leyland A2-BG;5-2-2020;19-5-2019;140;1037.5
1745;Tram;BZ-23-BX;Berkhof C201;26-11-2018;19-9-2018;310;975
1773;Bus;YC-74-FQ;Leyland A2-BF;18-11-2019;3-3-2018;290;112.5
1047;Tram;DG-97-ZB;Leyland A2-BF;24-9-2019;24-8-2020;465;1187.5
1685;Bus;NX-18-DO;DAF G100;8-8-2018;1-8-2018;380;412.5
1624;Bus;TO-92-YN;Berkhof C201;9-9-2018;3-2-2020;375;50
1221;Bus;MT-56-UA;Leyland A2-BG;24-5-2018;17-11-2020;305;1162.5
1064;Tram;JX-41-PM;VDL T800;4-7-2019;19-10-2020;355;1112.5
1216;Tram;RX-71-VK;VDL T3200;16-8-2018;15-2-2020;170;712.5
1249;Tram;EN-34-YW;VDL T1800-B;24-6-2020;26-9-2018;280;600
1649;Bus;ZH-82-KM;Leyland A2-BG;1-11-2020;8-2-2019;95;775
1629;Tram;LD-81-XS;Berkhof C201-C;24-10-2019;12-6-2019;415;1050
1149;Tram;LK-88-SR;DAF G100;1-8-2019;1-10-2020;135;225
1248;Bus;KW-33-ZZ;Leyland A2-BG;28-4-2018;20-10-2018;430;700
1873;Bus;ZF-33-HF;DAF G870;24-7-2018;1-3-2018;295;250
1035;Bus;WZ-62-RV;Berkhof C201-C;31-12-2018;25-11-2018;380;612.5
1531;Bus;ER-31-HN;Mercedes L60;5-1-2020;24-2-2018;445;200
1496;Bus;UT-69-WJ;Mercedes L60-II;5-9-2018;8-9-2018;110;812.5
1259;Tram;LK-62-ZE;Leyland A2-BF;6-7-2019;19-5-2019;500;450
1128;Tram;LD-93-IC;Leyland A2-BF;20-4-2020;2-10-2019;435;1087.5
1945;Tram;GA-42-VL;DAF G100;23-3-2020;23-11-2020;475;825
1776;Bus;AM-96-RQ;Mercedes L40;27-4-2018;24-11-2018;330;362.5
1722;Bus;YB-68-GA;Leyland A2-BG;23-6-2018;12-3-2019;260;1062.5
1441;Tram;AM-25-RX;Berkhof C201-B;4-1-2020;4-7-2020;195;1200
1197;Bus;MW-54-WE;VDL T3200;23-2-2018;29-7-2018;365;1237.5
1200;Bus;WV-41-ZC;Mercedes L60;17-9-2020;17-5-2018;215;737.5
1544;Tram;DQ-35-WG;VDL T800;29-5-2020;5-12-2018;190;1137.5
1473;Bus;RH-49-UE;VDL T3200;17-1-2018;16-6-2018;450;1200
1695;Tram;AY-45-VM;Berkhof C201;4-10-2018;16-4-2020;160;150
1129;Bus;BF-97-ZA;Berkhof C201;24-2-2019;11-3-2018;375;850
1319;Tram;JW-52-VK;Berkhof C201;23-8-2020;14-1-2019;95;87.5
1293;Tram;DF-75-EU;Mercedes L60;17-5-2018;12-2-2020;325;612.5
1929;Tram;FI-87-WO;Mercedes L40;21-2-2019;15-4-2020;245;812.5
1202;Tram;SO-59-XS;Berkhof C201-C;3-11-2018;7-6-2019;330;575
1699;Tram;JK-76-ZI;Berkhof C201;15-6-2018;23-12-2019;295;225
1388;Tram;UC-78-XU;Leyland A2-BG;30-10-2019;13-4-2020;320;400
1693;Bus;ET-96-BZ;DAF G100;28-1-2020;12-12-2018;245;900
1245;Bus;GB-55-QE;DAF G870;10-8-2020;1-6-2018;455;537.5
1465;Tram;FY-21-KU;Berkhof C201;28-1-2018;9-11-2020;265;1000
1239;Tram;FK-24-EC;Berkhof C201-C;25-4-2019;16-1-2020;225;750
1653;Tram;SH-49-OF;Leyland A2-BF;12-2-2018;20-4-2018;390;375
1110;Tram;VP-66-DL;Leyland A2-BG;8-5-2020;10-2-2019;390;200
1057;Bus;CL-51-JU;Leyland A2-BF;28-2-2020;31-12-2018;310;150
1333;Tram;SR-91-VZ;Berkhof C201-C;20-3-2020;1-1-2018;155;1137.5
1543;Tram;ZS-84-JO;Mercedes L40;25-6-2019;17-11-2020;245;562.5
1025;Tram;KC-79-WY;DAF G100;8-3-2018;23-1-2018;470;812.5
1602;Tram;OR-64-RT;VDL T3200;13-11-2019;31-1-2018;480;837.5
1360;Tram;AA-23-YT;DAF G870;28-5-2019;27-3-2018;495;987.5
1515;Tram;HP-27-YP;Berkhof C201-B;1-5-2018;21-8-2018;130;162.5
1440;Bus;AM-35-AJ;Mercedes L60;11-3-2019;11-3-2019;115;200
1881;Tram;TX-68-VI;DAF G890;28-3-2020;9-3-2020;225;650
1983;Bus;VQ-83-ID;Berkhof C201-B;6-11-2020;23-2-2018;375;125
1299;Bus;PX-33-WO;Leyland A2-BG;4-3-2020;13-1-2019;370;575
1792;Bus;UD-86-ES;Leyland A2-BF;14-8-2018;4-1-2018;85;987.5
1211;Bus;ID-52-QZ;VDL T800;2-9-2019;8-5-2018;425;387.5
1469;Bus;EW-13-IA;Berkhof C201;9-12-2018;29-8-2019;345;112.5
1425;Tram;WF-55-VR;Mercedes L60-II;28-3-2019;12-3-2019;160;250
1069;Tram;KT-19-RC;Berkhof C201-C;25-1-2018;7-10-2018;215;75
1703;Tram;SA-82-DP;Mercedes L60;4-3-2019;7-4-2020;225;1212.5
1703;Tram;SA-41-VA;VDL T1800-B;2-11-2019;3-10-2019;90;50
1027;Tram;WE-27-IN;Mercedes L40;21-12-2019;14-6-2020;60;237.5
1644;Tram;JK-17-II;VDL T3200;13-2-2019;1-10-2020;335;287.5
1015;Bus;HL-45-VD;VDL T1800-B;3-2-2018;17-1-2020;240;1175
1063;Tram;KP-19-GC;Leyland A2-BG;2-3-2018;9-10-2018;215;487.5
1967;Tram;EG-64-QM;VDL T3200;2-11-2020;12-3-2019;270;787.5
1318;Tram;BJ-94-DH;VDL T1800-B;26-8-2019;29-7-2020;220;1237.5
1499;Tram;XS-59-JH;DAF G100;17-5-2019;13-10-2018;315;787.5
1154;Bus;QR-52-TM;DAF G890;20-1-2020;25-5-2018;350;750
1315;Bus;NU-48-PV;VDL T1800-B;5-5-2019;29-6-2019;205;187.5
1599;Tram;UZ-56-DY;DAF G100;15-4-2019;24-6-2020;205;1000
1615;Bus;RZ-62-TG;VDL T3200;1-10-2019;28-8-2020;435;1237.5
1456;Tram;OJ-16-VF;DAF G890;21-4-2018;6-7-2018;320;462.5
1568;Tram;KD-48-CM;Berkhof C201-B;1-6-2019;1-11-2020;400;900
1633;Tram;JC-77-WB;Mercedes L40;6-11-2019;29-12-2018;135;12.5
1345;Tram;WF-89-UH;Berkhof C201-B;17-6-2018;30-9-2020;310;525
1125;Tram;JB-55-OY;Mercedes L60-II;14-1-2018;15-9-2018;305;1125
1668;Bus;XN-61-GJ;DAF G100;30-8-2020;5-10-2018;270;725
1060;Tram;KZ-38-ZP;VDL T1800-B;14-9-2018;21-10-2019;380;725
1716;Tram;XH-36-MU;Berkhof C201-B;9-5-2018;13-2-2020;65;712.5
1238;Tram;VE-46-ME;DAF G870;28-1-2020;23-1-2018;135;1237.5
1158;Tram;MO-76-BI;DAF G890;24-10-2018;20-7-2019;225;487.5
1625;Bus;ZA-14-JB;VDL T3200;14-3-2019;23-8-2020;450;337.5
1229;Bus;WY-22-VN;DAF G870;27-6-2018;29-10-2019;70;887.5
1180;Tram;NI-28-LJ;Mercedes L60;29-8-2018;11-10-2018;350;1075
1404;Tram;PG-39-JN;Leyland A2-BF;19-6-2020;22-1-2019;290;937.5
1326;Tram;LJ-47-SN;Mercedes L60-II;17-10-2020;9-7-2020;205;937.5
1010;Bus;GJ-53-BY;DAF G100;12-1-2018;3-11-2020;140;75
1869;Bus;JM-12-VD;DAF G870;3-5-2019;27-9-2019;360;662.5
1519;Bus;NH-67-LO;Berkhof C201-B;2-6-2020;23-12-2019;330;650
1786;Tram;QQ-57-FI;Mercedes L60;14-6-2019;21-9-2018;105;525
1888;Bus;HJ-27-DE;Mercedes L60;25-10-2019;23-5-2019;290;237.5
1318;Bus;UN-45-XS;VDL T800;22-10-2020;23-6-2019;65;1137.5
1365;Bus;YD-18-WX;VDL T1800-B;23-2-2020;29-10-2020;80;1212.5
1112;Bus;BE-62-RE;DAF G100;6-4-2018;19-4-2018;250;937.5
1504;Tram;ZI-97-NH;DAF G870;23-5-2018;29-8-2020;125;525
1734;Bus;YS-69-VP;DAF G100;6-9-2020;12-6-2019;205;862.5
1643;Bus;KE-68-RT;Leyland A2-BF;29-12-2018;14-10-2018;330;862.5
1499;Tram;YW-26-JA;Berkhof C201-B;11-8-2018;5-9-2019;315;87.5
1788;Bus;UB-83-IC;Berkhof C201-C;6-11-2020;16-7-2020;415;175
1399;Bus;QQ-67-SF;VDL T800;7-7-2019;26-11-2018;295;375
1389;Tram;TE-11-XB;DAF G100;17-1-2020;23-2-2019;125;625
1753;Tram;CL-14-TN;Leyland A2-BG;28-4-2018;17-5-2018;190;325
1517;Bus;AA-51-KH;Berkhof C201;17-4-2018;18-1-2020;415;162.5
1462;Bus;WI-17-IF;Berkhof C201;2-4-2020;11-2-2019;455;212.5
1648;Bus;DG-14-RO;VDL T3200;28-9-2019;11-7-2019;155;50
1011;Tram;CB-49-OY;DAF G890;18-9-2018;30-6-2019;430;675
1111;Bus;UH-46-DI;Leyland A2-BF;19-5-2019;12-8-2019;140;62.5
1043;Bus;PA-31-UH;Mercedes L60-II;19-12-2018;13-5-2018;435;362.5
1460;Bus;RL-44-QJ;Mercedes L60;4-5-2018;11-11-2020;190;1050
1343;Bus;QH-43-HX;Berkhof C201;27-1-2019;26-11-2018;500;712.5
1510;Bus;BY-51-XB;Berkhof C201-B;28-6-2018;11-3-2020;420;525
1502;Bus;SB-21-VV;DAF G890;25-4-2020;20-11-2019;370;487.5
1337;Bus;UQ-32-WO;Mercedes L40;12-11-2019;1-3-2020;225;725
1399;Tram;FP-19-NE;DAF G890;13-12-2018;8-2-2020;445;725
1403;Tram;UO-51-PR;Mercedes L60-II;19-4-2019;12-6-2018;370;175
1268;Bus;VG-44-DY;Leyland A2-BG;24-9-2018;5-11-2018;325;387.5
1257;Tram;OW-49-QC;DAF G890;28-12-2019;6-6-2020;390;787.5
1878;Tram;WS-64-TN;DAF G870;20-1-2020;6-2-2018;270;775
1831;Tram;ML-23-CU;Leyland A2-BF;27-8-2018;24-5-2020;485;1187.5
1081;Tram;KT-96-FI;Leyland A2-BF;5-2-2018;8-4-2019;445;837.5
1706;Tram;AU-83-ZQ;Leyland A2-BF;5-2-2018;6-7-2019;385;700
1255;Tram;SS-71-YR;Mercedes L60;1-6-2018;18-8-2019;490;1062.5
1620;Tram;AM-15-QM;DAF G100;14-1-2019;19-9-2019;80;1062.5
1177;Tram;IK-33-UJ;Leyland A2-BG;6-3-2020;9-2-2018;385;325
1810;Bus;VR-69-QC;Mercedes L40;27-11-2019;19-6-2019;480;325
1849;Bus;HZ-93-WD;Mercedes L60;10-3-2020;2-5-2018;85;212.5
1135;Bus;RP-64-MO;Berkhof C201-B;21-11-2018;28-10-2019;480;1137.5
1827;Tram;JE-93-RW;Berkhof C201-C;29-10-2018;19-10-2020;485;62.5
1909;Tram;DD-84-TP;Leyland A2-BF;13-4-2018;22-3-2020;145;950
1964;Bus;ZR-16-WH;VDL T3200;26-8-2020;18-7-2018;330;150
1785;Bus;KN-63-JA;Berkhof C201-B;26-10-2018;8-9-2019;140;1087.5
1889;Bus;HH-28-GG;DAF G870;11-6-2018;21-11-2019;495;1212.5
1149;Bus;BL-49-UL;Leyland A2-BF;29-7-2019;25-1-2020;305;37.5
1447;Bus;OI-61-TN;Berkhof C201;24-1-2019;8-5-2020;480;200
1665;Tram;YG-71-SE;DAF G890;24-2-2018;11-6-2019;205;1125
1267;Tram;RN-78-MT;DAF G100;28-6-2019;11-12-2019;385;775
1804;Bus;GZ-37-SY;Leyland A2-BG;22-2-2020;30-6-2019;50;687.5
1745;Tram;PM-82-NI;DAF G100;5-1-2020;14-4-2018;130;200
1999;Tram;AO-85-EP;Berkhof C201;29-2-2020;1-7-2020;105;937.5
1718;Bus;ZO-29-CS;VDL T1800-B;10-5-2019;24-1-2020;480;337.5
1133;Tram;OT-17-EC;DAF G870;8-10-2020;26-4-2020;130;462.5
1803;Tram;PR-22-MO;Berkhof C201-B;16-11-2018;15-9-2020;500;1100
1579;Tram;OV-45-FI;DAF G100;15-10-2019;21-11-2020;330;237.5
1174;Tram;UR-44-SF;VDL T3200;15-11-2020;13-11-2018;275;925
1696;Tram;OY-42-HE;Berkhof C201-B;17-8-2019;21-1-2019;195;437.5
1322;Tram;EJ-33-SL;DAF G890;18-9-2020;30-8-2018;190;875
1387;Tram;BF-54-WL;Mercedes L60;15-6-2020;4-3-2018;65;237.5
1407;Tram;JL-77-EP;Berkhof C201-C;19-7-2020;20-11-2019;255;1012.5
1172;Tram;KH-48-ZF;VDL T800;19-7-2020;27-3-2018;265;375
1758;Bus;BV-47-MS;Mercedes L60-II;16-7-2019;11-12-2018;360;437.5
1643;Bus;KV-98-RK;Berkhof C201;12-11-2019;20-4-2018;115;100
1683;Tram;FV-57-QG;VDL T1800-B;11-2-2019;11-7-2018;240;687.5
1275;Tram;NS-45-HO;DAF G890;3-4-2019;2-5-2019;480;712.5
1069;Tram;ON-25-CO;VDL T3200;19-12-2019;15-9-2020;315;1100
1128;Bus;NZ-44-NE;DAF G100;13-10-2018;18-4-2020;295;162.5
1586;Bus;IH-99-ZK;Leyland A2-BF;14-7-2018;6-9-2019;215;25
1088;Bus;GP-61-YQ;Leyland A2-BG;3-11-2020;1-3-2018;420;725
1418;Tram;OE-56-ZN;Mercedes L60;24-12-2018;23-8-2018;145;200
1212;Bus;XD-17-QZ;DAF G100;14-3-2018;28-5-2018;280;1025
1001;Bus;CK-52-NJ;DAF G870;14-7-2018;25-4-2018;385;887.5
1288;Tram;MM-66-LX;Berkhof C201-C;22-1-2019;30-6-2020;165;1100
1096;Bus;ZX-25-SM;Berkhof C201;30-6-2018;28-1-2020;190;475
1276;Bus;OC-35-GU;DAF G870;26-2-2018;31-3-2020;495;725
1953;Tram;XB-28-ZN;VDL T3200;3-11-2019;4-9-2018;410;1237.5
1464;Bus;UH-74-FT;Berkhof C201-B;9-7-2019;15-2-2020;130;275
1730;Bus;WU-86-AZ;DAF G870;30-4-2018;25-3-2019;110;237.5
1814;Bus;TO-58-CB;VDL T3200;7-10-2019;21-2-2019;490;1012.5
1878;Tram;SV-81-SF;Leyland A2-BG;17-8-2020;25-1-2018;270;637.5
1099;Tram;FQ-12-QI;DAF G870;29-7-2020;17-8-2020;310;525
1862;Bus;MO-67-WM;DAF G870;3-9-2018;29-9-2018;310;950
1669;Bus;VM-32-FJ;DAF G870;16-7-2019;16-5-2020;475;637.5
1633;Bus;WI-16-RR;Leyland A2-BF;30-10-2020;12-6-2020;200;212.5
1886;Tram;BL-89-JN;Leyland A2-BF;27-6-2020;22-3-2020;320;787.5
1985;Tram;ZQ-95-OZ;DAF G870;23-3-2020;19-10-2018;175;637.5
1221;Tram;AB-13-OW;VDL T3200;24-3-2018;28-8-2019;330;1187.5
1471;Tram;FA-31-CI;Berkhof C201-B;18-10-2020;19-8-2019;235;1150
1339;Tram;PV-21-GH;VDL T1800-B;20-7-2018;14-2-2020;65;712.5
1388;Bus;CV-91-KE;Leyland A2-BF;4-7-2018;21-3-2020;235;975
1026;Tram;TS-16-DD;Berkhof C201-C;17-8-2020;3-5-2020;365;675
1550;Bus;UM-58-BF;Berkhof C201;12-4-2019;10-3-2018;280;825
1722;Tram;SA-38-XM;Leyland A2-BG;7-5-2018;15-10-2018;95;1250
1208;Bus;UV-63-CW;Mercedes L60;1-7-2018;9-12-2019;275;1137.5
1046;Tram;QL-26-FZ;Mercedes L60;29-5-2018;17-1-2020;440;300
1960;Tram;OR-61-VK;VDL T1800-B;19-8-2020;17-7-2018;200;450
1866;Tram;MF-95-RI;Berkhof C201;4-10-2019;25-9-2020;200;350
1306;Tram;GW-57-XB;VDL T3200;3-1-2020;12-2-2020;420;1175
1440;Bus;RB-73-YF;Berkhof C201;25-3-2020;9-4-2020;295;537.5
1049;Tram;YV-16-CB;Mercedes L60;14-4-2019;27-11-2018;70;662.5
1285;Tram;TH-57-PH;Berkhof C201;25-11-2020;5-8-2019;500;137.5
1704;Tram;UZ-79-TK;VDL T3200;14-2-2018;4-9-2020;55;475
1203;Bus;FS-47-UN;DAF G100;9-3-2018;13-9-2018;340;1137.5
1379;Bus;PB-84-HD;Berkhof C201-B;21-6-2019;5-7-2019;120;750
1023;Bus;IS-99-AE;Berkhof C201;23-4-2019;27-2-2018;415;1162.5
1814;Bus;IO-77-LG;DAF G890;3-2-2020;13-10-2020;375;950
1313;Bus;BQ-65-MH;Berkhof C201;16-6-2018;9-1-2020;300;650
1344;Tram;SF-15-JM;DAF G870;24-6-2020;15-6-2018;280;1162.5
1639;Bus;PQ-86-BS;Mercedes L60-II;25-7-2019;4-1-2020;115;412.5
1092;Tram;YT-58-EN;VDL T1800-B;10-11-2019;13-10-2020;125;50
1439;Bus;DJ-61-CD;VDL T1800-B;29-4-2019;1-5-2019;485;875
1544;Bus;TS-17-PJ;Mercedes L60-II;19-5-2020;20-5-2019;110;750
1771;Bus;JW-88-ZR;Berkhof C201;9-1-2019;25-8-2019;435;1212.5
1309;Bus;DX-36-BV;VDL T3200;6-3-2018;2-1-2020;455;462.5
1155;Bus;QS-68-UL;DAF G890;16-4-2018;11-9-2019;145;100
1383;Tram;QC-78-CO;Mercedes L40;21-7-2020;7-6-2019;310;712.5
1836;Bus;HF-54-DV;Berkhof C201;10-3-2019;16-1-2018;110;162.5
1339;Tram;OF-52-LP;Mercedes L60-II;26-3-2020;23-5-2018;395;175
1146;Tram;RG-74-ZK;Berkhof C201;25-6-2020;14-7-2020;95;875
1380;Bus;HE-99-NI;Mercedes L40;20-3-2019;18-8-2020;135;962.5
1878;Tram;NY-81-UH;Leyland A2-BG;30-5-2020;6-10-2018;365;75
1223;Tram;VH-71-FN;DAF G870;6-3-2019;19-2-2020;295;325
1974;Tram;BW-66-XT;Berkhof C201-C;27-6-2019;3-12-2019;170;37.5
1568;Bus;HF-85-BX;Leyland A2-BG;26-12-2019;24-4-2020;430;1212.5
1069;Tram;VB-63-LN;VDL T800;28-11-2019;8-7-2018;340;937.5
1235;Tram;KI-26-KX;VDL T3200;4-11-2018;7-10-2019;195;1175
1617;Tram;UN-85-EK;Berkhof C201;5-3-2019;24-10-2020;55;925
1003;Bus;MY-43-BR;Leyland A2-BG;26-6-2019;15-2-2019;355;225
1691;Bus;DH-73-CO;Berkhof C201;30-8-2019;24-11-2018;300;162.5
1116;Bus;ZP-46-TM;Berkhof C201-B;3-10-2019;18-10-2019;360;612.5
1206;Tram;DE-29-NX;VDL T1800-B;31-10-2019;4-1-2020;85;587.5
1561;Bus;PU-28-JL;Mercedes L40;25-3-2019;13-2-2019;410;662.5
1317;Tram;LF-55-IV;Berkhof C201-B;14-4-2018;3-10-2018;190;750
1749;Tram;QL-59-TC;Mercedes L40;14-5-2020;9-12-2018;425;87.5
1105;Bus;SB-77-XQ;VDL T1800-B;6-6-2018;17-10-2018;385;787.5
1321;Bus;QQ-39-MM;DAF G100;26-5-2018;4-1-2019;100;800
1034;Tram;BW-44-OR;Berkhof C201-B;27-10-2018;24-3-2019;120;287.5
1753;Bus;WV-51-CI;DAF G870;3-1-2018;14-10-2018;80;762.5
1723;Bus;BC-29-JW;Berkhof C201-B;2-4-2018;9-7-2020;355;187.5
1271;Bus;FT-44-KO;Mercedes L60-II;18-11-2019;22-5-2018;475;137.5
1009;Bus;VT-49-AU;DAF G100;17-9-2019;13-10-2018;255;1150
1940;Bus;SX-23-LI;DAF G870;5-6-2019;8-12-2018;495;762.5
1514;Tram;UZ-27-LT;DAF G890;21-1-2020;24-8-2019;275;562.5
1550;Bus;SF-23-DB;VDL T1800-B;25-3-2020;21-6-2020;145;1062.5
1108;Tram;JP-53-BI;Berkhof C201-C;24-5-2020;4-3-2019;290;1125
1822;Tram;FV-19-TF;VDL T800;14-2-2018;6-5-2018;230;1200
1427;Tram;GB-57-GI;Berkhof C201-C;23-10-2020;5-4-2018;215;1212.5
1193;Bus;FF-91-IA;Leyland A2-BF;9-7-2018;19-9-2020;415;362.5
1433;Tram;EN-91-SV;Mercedes L40;19-10-2019;30-9-2020;325;175
1157;Bus;NR-88-UN;Berkhof C201;22-4-2018;6-6-2020;85;562.5
1218;Tram;QX-99-MG;Mercedes L60-II;14-1-2018;18-1-2019;55;250
1768;Bus;RS-88-NI;VDL T1800-B;29-3-2019;13-11-2020;395;887.5
1335;Bus;RD-93-EO;Leyland A2-BF;5-6-2019;13-9-2018;125;75
1625;Tram;PM-81-AR;DAF G890;21-7-2019;29-8-2020;100;12.5
1507;Tram;WG-22-UO;Leyland A2-BF;12-4-2018;28-3-2020;480;862.5
1249;Tram;XR-29-XW;Mercedes L40;30-7-2020;21-12-2019;170;825
1767;Bus;IO-93-RB;Berkhof C201;6-10-2018;7-11-2020;205;950
1274;Bus;FG-79-GY;Berkhof C201-B;11-1-2020;6-7-2019;345;625
1268;Tram;ON-95-GT;DAF G870;11-9-2019;13-5-2020;135;875
1674;Tram;TY-56-IC;Mercedes L60-II;19-11-2019;23-9-2019;140;600
1210;Bus;EM-41-TL;DAF G870;5-7-2018;22-1-2020;205;962.5
1323;Bus;WQ-61-LI;VDL T3200;24-2-2018;18-8-2018;130;650
1385;Tram;KU-39-II;Mercedes L40;10-7-2019;13-4-2020;185;1012.5
1280;Bus;JU-32-VI;Berkhof C201;27-7-2019;19-7-2018;160;200
1719;Tram;QK-75-HL;VDL T1800-B;17-6-2019;30-7-2019;320;362.5
1263;Bus;OV-81-CQ;Leyland A2-BG;24-7-2018;7-9-2019;50;1025
1388;Tram;GD-84-WC;VDL T800;20-9-2019;24-8-2019;250;225
1581;Tram;IM-15-UZ;VDL T800;5-5-2019;19-10-2019;55;475
1729;Bus;YD-43-IS;Berkhof C201;11-9-2019;29-1-2018;170;812.5
1510;Bus;NZ-75-AI;VDL T3200;23-6-2018;8-4-2019;275;462.5
1171;Tram;ER-18-CG;Mercedes L40;16-1-2018;5-11-2019;230;1025
1508;Bus;NG-74-EK;Berkhof C201-C;23-1-2020;26-5-2020;470;737.5
1096;Tram;KP-74-BR;Leyland A2-BF;7-1-2018;28-10-2018;200;25
1775;Tram;BK-54-RI;VDL T800;7-7-2019;4-7-2019;455;700
1577;Tram;PL-43-IX;DAF G100;29-8-2018;8-2-2020;205;725
1169;Bus;VW-79-LY;Leyland A2-BG;11-3-2019;9-8-2018;420;62.5
1172;Bus;FD-81-PV;DAF G100;6-3-2018;24-5-2020;360;937.5
1603;Bus;FA-94-RJ;Berkhof C201;4-1-2020;1-2-2018;270;400
1350;Tram;JC-26-NA;Leyland A2-BG;20-2-2019;4-12-2018;235;200
1188;Tram;GN-83-UF;DAF G870;6-5-2018;25-4-2020;425;75
1173;Tram;HJ-29-QC;Berkhof C201-B;3-7-2018;13-9-2019;360;400
1143;Bus;DW-82-NJ;VDL T800;13-4-2020;12-3-2019;295;487.5
1385;Tram;VV-68-DI;Berkhof C201-B;3-2-2018;24-3-2018;270;825
1168;Tram;OS-84-JA;DAF G100;13-2-2019;30-11-2018;105;750
1821;Bus;CO-91-SF;DAF G100;27-11-2019;27-6-2020;225;475
1887;Tram;BC-32-XL;Leyland A2-BG;18-1-2018;28-7-2020;115;900
1357;Bus;TV-11-FY;Mercedes L40;19-2-2020;2-3-2020;400;625
1635;Bus;HG-93-TO;Leyland A2-BG;30-1-2018;31-10-2018;450;975
1715;Bus;UW-67-MU;VDL T3200;25-8-2018;6-12-2019;245;1250
1732;Tram;UB-22-EV;Mercedes L60;5-2-2020;18-4-2019;85;337.5
1629;Bus;LA-19-JX;Berkhof C201-B;13-1-2018;3-3-2018;115;375
1040;Tram;EF-47-MV;DAF G890;6-8-2019;27-9-2018;330;837.5
1211;Tram;HE-44-HU;DAF G870;28-5-2018;17-10-2020;155;800
1688;Tram;CU-62-AQ;Mercedes L40;29-8-2020;21-4-2018;70;87.5
1776;Bus;RN-26-LH;DAF G890;5-3-2018;3-12-2018;60;537.5
1166;Tram;DH-34-NB;Leyland A2-BG;4-12-2019;23-3-2019;110;87.5
1734;Bus;NO-54-CX;Berkhof C201-B;28-12-2019;20-4-2020;70;550
1920;Tram;WG-22-EB;Berkhof C201;13-8-2020;27-1-2019;440;462.5
1306;Tram;SY-65-XP;Mercedes L60;7-10-2019;10-10-2020;155;1200
1673;Bus;EC-28-BG;VDL T800;28-2-2020;20-5-2019;415;300
1505;Tram;NN-74-BA;Berkhof C201-C;18-2-2019;21-3-2019;345;25
1135;Bus;YX-38-GN;VDL T800;15-2-2018;28-5-2018;75;1137.5
1159;Tram;ES-32-GV;Berkhof C201-C;11-11-2020;10-4-2019;375;700
1466;Tram;ZI-34-LS;DAF G890;10-3-2018;7-12-2019;125;862.5
1701;Bus;QS-54-YH;Leyland A2-BF;21-2-2018;13-3-2020;55;1225
1856;Bus;IG-71-AN;Leyland A2-BF;18-1-2018;23-4-2020;55;1200
1421;Tram;MV-66-DW;Berkhof C201-B;12-6-2019;5-12-2018;85;625
1577;Tram;WQ-32-YF;Berkhof C201-B;20-5-2019;23-11-2019;280;987.5
1172;Tram;QQ-87-ZO;DAF G100;8-10-2020;31-12-2019;100;1162.5
1655;Bus;ID-23-JD;VDL T1800-B;25-8-2019;23-6-2019;385;287.5
1362;Tram;RV-54-EP;DAF G100;26-8-2020;14-6-2020;345;637.5
1576;Bus;BA-67-CQ;Mercedes L40;20-9-2018;6-4-2020;475;1187.5
1219;Tram;BW-47-FP;VDL T1800-B;2-10-2020;22-9-2018;480;175
1959;Tram;PO-23-BJ;Mercedes L60;14-6-2019;19-9-2018;465;1050
1115;Bus;UL-26-TX;Berkhof C201-B;14-3-2019;20-10-2019;425;725
2000;Bus;NI-55-CO;Mercedes L60-II;20-2-2020;8-6-2018;100;187.5
1829;Bus;DD-67-LF;Berkhof C201-C;28-2-2018;8-8-2019;380;850
1183;Bus;FB-62-AV;Berkhof C201-C;25-3-2020;16-5-2019;240;1100
1122;Bus;VH-22-KT;VDL T800;7-3-2020;21-7-2020;140;475
1662;Tram;SM-69-KF;Mercedes L60;19-9-2020;19-11-2019;185;875
1196;Tram;QR-52-GW;Mercedes L60-II;17-9-2018;16-10-2020;305;737.5
1469;Bus;ZR-53-VH;Mercedes L40;31-10-2019;31-1-2018;420;1212.5
1500;Tram;MT-87-ZK;Berkhof C201-B;10-3-2020;30-5-2018;305;1100
1418;Bus;OF-67-XH;VDL T1800-B;30-8-2019;3-11-2019;430;725
1695;Tram;FT-71-FH;Mercedes L60;28-9-2019;17-10-2019;185;125
1130;Tram;ER-11-VQ;DAF G890;7-3-2018;2-9-2019;500;587.5
1278;Bus;MM-63-HP;Mercedes L60-II;19-8-2018;18-7-2018;85;1162.5
1715;Bus;CK-93-JM;Leyland A2-BF;14-9-2020;7-5-2020;325;1037.5
1583;Tram;QL-16-SG;Berkhof C201;27-5-2018;1-9-2018;270;1225
1292;Bus;MY-33-TD;Leyland A2-BG;22-2-2019;20-6-2019;400;25
1456;Tram;TA-96-FE;Berkhof C201-C;5-5-2018;30-1-2020;130;862.5
1939;Bus;KN-64-ZW;DAF G890;29-10-2020;10-5-2018;50;487.5
1928;Bus;LA-32-GS;VDL T3200;9-12-2019;12-1-2019;280;537.5
1599;Tram;AA-52-AJ;Mercedes L40;20-2-2018;11-7-2019;340;387.5
1023;Tram;UJ-12-QE;Mercedes L60-II;18-7-2020;3-11-2019;85;562.5
1398;Bus;EE-33-AN;Berkhof C201-C;12-5-2020;23-6-2018;215;150
1952;Tram;UW-87-GP;Leyland A2-BG;20-7-2019;13-7-2019;275;387.5
1065;Bus;HC-46-QO;Berkhof C201-B;4-4-2018;11-6-2018;70;350
1809;Bus;SX-64-BY;VDL T3200;10-7-2020;3-2-2018;230;225
1173;Tram;XB-78-DU;Mercedes L40;3-2-2020;30-11-2019;60;1075
1350;Tram;VS-53-WR;DAF G100;8-2-2018;17-7-2020;305;50
1035;Tram;DW-75-MK;VDL T3200;26-7-2020;7-1-2020;320;162.5
1220;Bus;HC-95-YJ;DAF G870;2-11-2018;8-9-2018;110;237.5
1973;Tram;YL-32-FE;DAF G100;20-7-2019;10-8-2018;470;587.5
1984;Tram;JP-93-SK;Berkhof C201-C;18-3-2019;11-1-2018;200;50
1681;Bus;VO-46-JR;DAF G890;25-4-2020;20-8-2019;55;750
1156;Tram;ZB-76-DR;DAF G890;21-7-2018;8-9-2018;395;150
1151;Tram;LR-92-BH;VDL T800;4-8-2018;21-10-2018;130;637.5
1638;Bus;OW-78-FB;Mercedes L40;21-10-2019;18-3-2018;365;375
1871;Bus;TW-99-PI;DAF G870;16-10-2019;20-10-2018;90;562.5
1743;Tram;RY-82-MN;Berkhof C201;2-12-2019;20-4-2019;455;937.5
1231;Bus;RE-95-UH;VDL T800;8-1-2019;9-8-2020;455;1000
1630;Tram;NN-56-JU;Mercedes L40;14-2-2019;23-12-2019;435;1125
1967;Bus;VP-84-BJ;Leyland A2-BG;5-2-2019;3-1-2018;55;1250
1549;Tram;FI-93-VZ;DAF G100;15-4-2018;18-10-2019;500;237.5
1074;Bus;JL-34-SP;VDL T800;22-6-2020;22-3-2018;195;587.5
1372;Tram;DS-44-MV;VDL T3200;4-3-2019;21-1-2018;345;775
1445;Bus;NU-51-YS;VDL T3200;3-6-2019;21-3-2018;325;712.5
1829;Bus;EH-85-EL;Berkhof C201-B;14-1-2020;20-9-2020;135;125
1962;Tram;HK-29-ZG;Berkhof C201-C;28-10-2018;9-10-2020;50;37.5
1739;Bus;QP-18-WP;DAF G100;13-10-2018;8-5-2018;245;1112.5
1928;Bus;YR-27-LI;Mercedes L60;11-4-2018;3-12-2018;150;387.5
1995;Bus;JN-51-GM;VDL T3200;18-12-2018;13-9-2018;285;275
1236;Tram;ZP-88-RB;Berkhof C201;9-11-2019;1-5-2020;450;837.5
1040;Bus;VB-45-IH;DAF G100;5-9-2018;11-2-2019;245;312.5
1300;Tram;NO-43-TL;Mercedes L60;24-5-2018;6-2-2019;105;1187.5
1990;Tram;VI-85-AU;Berkhof C201-C;1-1-2018;21-9-2020;65;187.5
1073;Tram;TO-46-PT;VDL T3200;31-7-2019;7-5-2018;50;612.5
1590;Bus;MW-84-FO;Leyland A2-BG;13-11-2020;4-2-2020;255;425
1197;Tram;WH-74-NS;VDL T1800-B;8-9-2019;21-6-2020;160;650
1432;Tram;UP-99-SY;Mercedes L40;6-2-2018;7-6-2019;215;812.5
1422;Tram;QM-58-YO;Berkhof C201-C;15-1-2019;28-10-2019;240;487.5
1622;Tram;KG-96-UH;Mercedes L40;25-8-2018;20-6-2019;120;1162.5
1299;Bus;HL-56-RJ;VDL T1800-B;10-3-2018;8-2-2020;495;725
1100;Tram;ED-87-UW;DAF G870;5-4-2019;19-9-2018;485;312.5
1420;Tram;AO-83-VS;Berkhof C201-C;13-7-2019;2-2-2018;270;637.5
1436;Bus;ZB-59-YG;Berkhof C201-B;18-4-2019;27-7-2020;260;112.5
1365;Bus;GB-16-NL;DAF G890;11-12-2018;6-10-2019;360;237.5
1733;Tram;UY-25-HA;DAF G100;19-10-2020;24-1-2018;415;237.5
1844;Bus;BQ-54-RG;DAF G890;23-1-2019;3-5-2019;265;537.5
1236;Tram;NO-29-ZQ;Mercedes L60-II;30-10-2020;26-2-2019;330;775
1424;Bus;CK-17-DB;Berkhof C201-B;20-5-2020;4-2-2020;480;750
1602;Tram;VT-22-ZP;DAF G890;23-9-2019;15-9-2019;340;1062.5
1402;Bus;RU-14-CO;Berkhof C201;6-10-2019;19-11-2020;100;275
1211;Tram;HH-58-AQ;Berkhof C201-C;25-6-2019;8-9-2019;330;187.5
1695;Bus;WX-44-XR;DAF G890;15-2-2020;11-3-2018;345;625
1185;Tram;RO-14-PI;Mercedes L60;6-4-2020;23-2-2020;85;937.5
1421;Bus;HG-25-CC;Berkhof C201;1-8-2020;30-5-2020;355;762.5
1111;Tram;XL-82-NY;Leyland A2-BF;15-5-2018;24-1-2019;300;1175
1294;Tram;LA-73-HS;Leyland A2-BF;9-11-2018;6-4-2020;480;550
1228;Bus;LQ-41-CQ;DAF G100;6-11-2020;14-8-2020;395;312.5
1579;Bus;NX-52-LQ;VDL T3200;11-10-2018;30-1-2020;295;412.5
1571;Tram;WD-88-EB;Berkhof C201;7-10-2020;29-9-2020;290;162.5
1972;Bus;FU-94-DQ;Mercedes L60;6-4-2018;27-9-2019;160;825
1282;Bus;SB-43-XH;VDL T3200;12-8-2020;10-5-2018;65;575
1343;Bus;QR-34-TH;VDL T800;18-9-2018;13-12-2018;240;75
1329;Tram;NK-13-BL;VDL T3200;31-10-2019;3-6-2019;290;637.5
1860;Bus;HI-58-YR;Leyland A2-BG;23-5-2019;10-12-2018;330;300
1636;Tram;SV-58-FY;Mercedes L40;9-10-2018;11-1-2019;360;825
1858;Tram;GN-76-MV;VDL T3200;5-6-2018;24-5-2020;180;1100
1363;Tram;GF-48-QS;Berkhof C201;7-7-2019;20-10-2020;345;487.5
1359;Tram;RA-12-SC;Mercedes L60-II;20-2-2020;15-10-2019;130;900
1357;Bus;RN-19-PK;Berkhof C201-B;30-7-2019;31-5-2019;470;1212.5
1565;Tram;CF-58-UX;VDL T1800-B;8-3-2018;4-12-2019;175;137.5
1514;Bus;HB-96-CI;Mercedes L60;5-8-2018;21-11-2019;290;1025
1629;Tram;AA-86-GC;VDL T1800-B;19-1-2018;1-6-2018;415;212.5
1845;Bus;PA-91-RU;Berkhof C201;18-3-2019;15-9-2018;500;212.5
1385;Bus;GG-24-KB;Berkhof C201;11-7-2018;10-8-2019;405;412.5
1477;Tram;PX-38-BE;VDL T3200;8-12-2018;26-9-2018;275;837.5
1793;Tram;JD-42-WB;DAF G890;19-11-2019;5-2-2019;215;1087.5
1643;Bus;NB-78-EC;Berkhof C201-B;4-12-2018;1-1-2019;235;62.5
1172;Tram;QH-24-GZ;Mercedes L60-II;13-9-2019;22-11-2019;325;1237.5
1480;Tram;ND-28-GY;Leyland A2-BG;5-1-2019;31-12-2018;220;1200
1316;Bus;EA-14-GR;Mercedes L60-II;25-4-2019;7-5-2020;455;512.5
1196;Bus;ZA-88-QM;Berkhof C201;1-10-2019;5-6-2019;370;550
1662;Bus;SP-59-YC;Leyland A2-BF;28-5-2019;4-2-2020;430;812.5
1779;Bus;RA-89-SD;DAF G100;26-5-2019;4-10-2020;290;112.5
1360;Bus;WO-66-YO;Berkhof C201-C;5-8-2018;16-8-2020;325;37.5
1106;Bus;TV-23-DA;DAF G100;23-9-2020;4-5-2020;445;687.5
1561;Bus;VA-83-BV;Berkhof C201-C;27-10-2018;21-7-2018;225;125
1693;Tram;GJ-55-VS;Mercedes L60;29-7-2018;8-1-2020;380;900
1282;Bus;VS-56-GE;Leyland A2-BF;31-5-2019;7-1-2019;250;287.5
1377;Tram;KO-54-OD;Mercedes L60-II;5-4-2019;19-7-2018;150;887.5
1787;Bus;TZ-54-GS;Leyland A2-BG;25-2-2020;30-1-2018;160;525
1740;Tram;PK-17-VY;Berkhof C201-B;1-6-2020;18-9-2020;465;425
1796;Tram;EK-22-WH;Leyland A2-BG;31-5-2018;16-2-2020;75;375
1376;Bus;LS-96-GW;DAF G870;24-12-2019;10-11-2018;390;1225
1977;Bus;UF-11-SS;Berkhof C201-C;6-10-2020;4-6-2020;55;700
1121;Tram;MG-82-NY;VDL T1800-B;13-10-2019;19-1-2018;315;1000
1595;Bus;SK-43-UG;Mercedes L40;4-11-2020;31-10-2018;155;1012.5
1680;Bus;FY-29-IS;Berkhof C201-C;20-9-2020;7-7-2018;230;200
1463;Tram;LU-18-XI;Berkhof C201-C;6-5-2019;23-2-2020;75;225
1569;Bus;AW-93-HO;Berkhof C201-B;19-8-2019;3-10-2020;270;1150
1613;Tram;DK-86-TA;Mercedes L60-II;16-8-2020;25-1-2019;395;787.5
1915;Bus;UO-39-FZ;VDL T3200;16-10-2020;2-3-2020;320;1125
1808;Bus;UX-51-AM;Berkhof C201;13-1-2019;4-3-2018;280;275
1724;Tram;AH-54-MN;Mercedes L60;4-6-2020;30-4-2020;270;112.5
1750;Tram;BE-96-JD;VDL T800;9-5-2019;3-10-2019;315;150
1836;Bus;LE-79-PZ;Mercedes L40;23-3-2019;16-11-2020;495;675
1491;Bus;ZR-25-OL;Mercedes L60-II;5-10-2018;6-3-2020;65;350
1623;Tram;ZU-59-FG;DAF G890;25-2-2020;27-10-2018;340;1250
1376;Bus;BN-57-ZG;VDL T800;29-1-2018;6-7-2020;495;450
1734;Bus;IK-84-KP;VDL T1800-B;20-12-2018;13-6-2020;330;937.5
1417;Bus;QV-44-TQ;Mercedes L40;7-9-2018;25-2-2020;380;62.5
1674;Tram;NV-27-LJ;Berkhof C201;4-8-2020;30-8-2019;80;337.5
1772;Bus;OX-28-SX;DAF G100;27-12-2018;19-11-2019;160;275
1396;Bus;VZ-33-DK;Leyland A2-BF;22-9-2018;24-5-2020;175;325
1325;Tram;LU-56-IN;VDL T1800-B;22-12-2018;28-9-2019;315;525
1776;Tram;SN-52-WF;Mercedes L60-II;22-1-2020;7-4-2018;285;1250
1311;Tram;TH-68-YU;VDL T800;12-9-2020;9-5-2019;500;725
1406;Bus;AI-67-BF;VDL T800;3-5-2018;29-8-2018;55;912.5
1921;Tram;UV-29-XL;Berkhof C201;23-8-2020;18-7-2020;455;312.5
1778;Bus;MY-73-KU;DAF G100;4-12-2019;30-5-2019;95;87.5
1547;Tram;HR-94-DO;DAF G890;30-5-2018;16-6-2019;330;1187.5
1603;Tram;TG-49-FM;Berkhof C201-C;27-7-2019;24-4-2019;215;1125
1058;Bus;BZ-31-IQ;Berkhof C201-C;4-1-2020;2-9-2019;385;350
1971;Bus;VE-88-PR;Mercedes L60-II;27-4-2020;5-12-2019;405;62.5
1957;Tram;XB-17-AR;VDL T1800-B;10-8-2020;25-1-2020;365;500
1429;Bus;DL-83-JU;Leyland A2-BF;18-2-2019;4-6-2019;260;437.5
1200;Tram;EM-92-FP;DAF G890;20-9-2020;31-1-2019;500;862.5
1064;Tram;ST-89-QW;Leyland A2-BG;9-7-2019;6-7-2019;325;812.5
1166;Bus;SC-21-AK;VDL T800;15-10-2020;31-7-2020;120;1100
1337;Bus;YZ-16-WA;VDL T1800-B;3-4-2019;28-5-2019;430;150
1906;Bus;GJ-43-ST;VDL T800;16-7-2018;25-6-2020;205;1050
1608;Tram;RQ-54-RA;VDL T1800-B;6-11-2018;4-10-2020;490;1087.5
1185;Tram;VR-69-YA;Leyland A2-BF;21-2-2020;23-11-2020;140;637.5
1155;Bus;GF-87-NU;Berkhof C201;20-10-2019;14-4-2020;285;412.5
1976;Tram;AV-87-AS;VDL T1800-B;5-10-2018;10-5-2020;260;900
1819;Bus;JU-64-AB;Leyland A2-BF;29-9-2020;1-8-2020;290;500
1967;Bus;SK-49-TJ;DAF G890;23-6-2018;2-4-2019;210;1150
1263;Bus;ZX-11-HV;Leyland A2-BF;24-4-2019;11-10-2018;325;362.5
1199;Bus;WI-14-ZB;VDL T3200;5-4-2019;24-3-2018;470;225
1292;Tram;SQ-73-YK;Mercedes L60;23-9-2018;5-11-2019;200;525
1516;Bus;CJ-29-WB;VDL T3200;26-1-2019;20-3-2019;330;300
1857;Bus;FC-34-WC;VDL T3200;31-3-2020;9-7-2020;90;1112.5
1066;Tram;YP-83-DL;Mercedes L60-II;19-9-2018;24-12-2019;185;1062.5
1279;Tram;VX-78-QX;Berkhof C201-C;28-6-2019;10-1-2019;125;562.5
1789;Tram;GJ-98-FX;VDL T1800-B;14-3-2020;3-4-2020;390;325
1987;Tram;VE-53-KE;VDL T800;28-1-2018;20-7-2018;340;175
1014;Tram;RH-18-CI;DAF G870;13-11-2020;3-7-2020;215;950
1107;Tram;MU-55-OR;Leyland A2-BF;1-1-2018;13-5-2019;160;775
1921;Bus;ZY-13-GA;Mercedes L60;24-8-2020;15-6-2018;105;550
1700;Bus;PR-65-XZ;DAF G100;7-2-2019;16-1-2019;350;425
1189;Bus;QZ-18-UN;Berkhof C201;14-6-2019;15-8-2019;100;537.5
1973;Bus;WM-39-US;Berkhof C201-B;18-3-2019;11-8-2019;295;725
1734;Bus;NC-89-AZ;Berkhof C201;28-11-2018;28-2-2018;315;512.5
1050;Bus;KT-55-UU;DAF G870;3-10-2020;4-7-2018;365;237.5
1443;Bus;US-51-YD;Mercedes L60-II;14-2-2018;3-8-2020;280;1225
1502;Tram;MN-82-TO;Mercedes L60-II;15-6-2019;30-9-2019;410;337.5
1862;Tram;LG-39-GZ;Mercedes L40;8-9-2018;17-8-2018;120;200
1696;Tram;GK-34-IG;DAF G870;28-9-2019;1-11-2019;490;850
1679;Tram;UE-61-UB;VDL T800;12-3-2018;12-10-2019;70;600
1700;Bus;JQ-22-EA;VDL T1800-B;2-11-2018;19-10-2020;110;987.5
1171;Tram;QG-89-AL;VDL T800;15-5-2019;24-8-2019;425;25
1507;Tram;PS-47-BA;VDL T1800-B;21-7-2018;30-5-2020;220;287.5
1958;Bus;LH-63-WF;Leyland A2-BF;23-4-2018;24-8-2020;460;637.5
1022;Tram;XW-22-YB;DAF G890;30-4-2019;9-7-2019;225;1150
1255;Bus;VG-57-JP;Berkhof C201-B;7-10-2020;16-1-2020;440;37.5
1609;Bus;LE-72-PD;Mercedes L60;19-10-2020;25-5-2020;185;775
1111;Tram;NK-73-QY;Mercedes L60;29-8-2018;18-10-2020;270;950
1814;Tram;JF-84-JO;VDL T800;3-7-2019;6-6-2019;380;275
1659;Bus;OV-17-RW;Mercedes L60-II;30-8-2019;11-6-2020;125;687.5
1597;Tram;VC-17-EF;Leyland A2-BF;28-3-2018;27-7-2019;425;250
1030;Bus;YZ-19-HH;Berkhof C201-B;3-1-2019;23-7-2020;190;1112.5
1126;Tram;XR-29-DX;Mercedes L60-II;23-8-2018;16-9-2020;325;1212.5
1828;Bus;QC-69-HN;DAF G890;7-5-2019;22-8-2018;150;1037.5
1861;Bus;UY-11-MU;Mercedes L40;25-2-2020;24-2-2020;335;1125
1600;Bus;PC-83-PS;VDL T3200;2-11-2018;29-1-2018;190;687.5
1719;Tram;NB-63-LA;Mercedes L60-II;7-5-2020;27-1-2019;210;850
1339;Bus;WA-44-QK;Berkhof C201-C;2-11-2020;20-6-2020;105;1112.5
1675;Tram;PQ-13-TS;VDL T3200;25-4-2019;10-8-2019;400;1112.5
1841;Tram;KO-11-AP;VDL T1800-B;31-1-2020;28-9-2020;315;1162.5
1828;Tram;GW-57-BW;Mercedes L40;16-1-2020;21-10-2018;475;762.5
1676;Tram;MR-42-VB;Mercedes L40;27-8-2018;19-6-2020;310;1037.5
1416;Bus;OG-77-TB;DAF G100;4-6-2018;11-9-2019;480;1200
1674;Tram;QM-86-MV;Mercedes L60;25-1-2018;12-7-2019;240;575
1910;Tram;XL-36-LK;VDL T800;9-9-2020;11-9-2020;295;825
1315;Tram;ZP-46-BS;Mercedes L40;8-3-2019;22-11-2018;150;450
1588;Tram;YM-64-IH;Berkhof C201;26-4-2019;29-12-2018;330;1162.5
1108;Tram;XN-58-YM;DAF G890;4-7-2020;10-3-2019;340;550
1929;Bus;CI-74-GY;Mercedes L60;25-12-2019;11-1-2019;380;375
1561;Tram;NZ-75-NZ;DAF G870;24-12-2019;26-5-2020;415;50
1886;Bus;TT-72-AB;VDL T3200;11-7-2020;29-8-2018;250;837.5
1177;Tram;PB-98-OH;DAF G870;15-4-2019;17-9-2019;175;12.5
1304;Bus;HZ-63-YY;Mercedes L60;25-1-2018;11-10-2019;475;1187.5
1966;Tram;PH-58-HU;DAF G890;28-7-2020;2-12-2018;175;675
1097;Tram;OS-55-PX;DAF G890;25-6-2019;9-9-2020;95;387.5
1404;Tram;MA-18-EO;VDL T800;16-3-2018;7-12-2019;350;87.5
1130;Tram;WM-54-OQ;Berkhof C201-B;15-9-2018;24-12-2018;350;587.5
1499;Tram;JE-75-LY;DAF G100;26-4-2019;11-5-2019;100;900
1357;Bus;CF-96-QK;VDL T800;26-7-2019;7-1-2019;375;1225
1366;Tram;FQ-94-WT;Berkhof C201-C;17-5-2019;11-3-2018;265;162.5
1799;Tram;SP-62-OT;DAF G870;22-4-2020;14-4-2020;325;550
1652;Bus;YE-93-FT;Berkhof C201;8-12-2018;29-3-2018;425;125
1645;Bus;WW-53-OS;DAF G870;11-5-2018;13-5-2020;425;500
1791;Bus;QD-33-AA;Berkhof C201-C;18-9-2018;18-8-2019;260;62.5
1198;Bus;XS-85-QC;DAF G100;21-1-2020;23-12-2018;425;787.5
1543;Bus;OD-61-GS;Berkhof C201-C;14-11-2018;21-3-2019;430;212.5
1740;Tram;YN-81-BG;Leyland A2-BG;29-5-2020;8-7-2020;285;787.5
1478;Tram;TE-21-HL;VDL T800;18-10-2019;2-1-2018;480;850
1882;Tram;AT-84-QW;DAF G870;30-12-2019;9-8-2018;85;837.5
1208;Tram;ZY-88-XN;Mercedes L60-II;21-4-2019;16-7-2019;430;1112.5
1179;Bus;KB-24-FU;VDL T3200;24-9-2019;17-3-2019;330;512.5
1915;Bus;JJ-33-QW;Mercedes L60;4-3-2018;4-2-2019;455;325
1076;Bus;DD-24-RM;VDL T3200;19-4-2019;17-7-2020;265;137.5
1213;Bus;WZ-98-QX;VDL T3200;28-2-2018;28-3-2020;285;500
1576;Tram;FA-31-IH;Leyland A2-BF;5-10-2018;3-6-2020;125;225
1076;Tram;UI-64-AN;Berkhof C201-C;5-1-2019;8-12-2018;400;625
1614;Bus;LI-21-UK;Mercedes L60-II;13-7-2020;30-8-2018;360;1150
1945;Tram;JH-82-EV;Mercedes L40;7-11-2018;14-2-2018;385;375
1347;Tram;SH-43-AE;VDL T800;16-6-2020;22-10-2019;260;87.5
1186;Bus;ZS-18-CE;Berkhof C201-B;15-10-2018;20-6-2020;500;1237.5
1619;Tram;NG-94-FU;VDL T800;8-5-2018;6-5-2018;230;862.5
1805;Tram;LP-19-WV;DAF G100;17-9-2020;15-12-2019;390;825
1936;Bus;KX-81-ZT;Mercedes L60;18-10-2020;1-8-2018;425;775
1453;Tram;WL-37-NR;DAF G890;21-6-2019;12-2-2020;115;1037.5
1220;Tram;AO-19-LQ;Berkhof C201-C;18-6-2020;25-6-2020;235;275
1380;Bus;WE-92-LG;Berkhof C201;6-4-2020;28-1-2019;320;1187.5
1349;Bus;WJ-78-BI;Berkhof C201;19-4-2019;1-2-2019;325;175
1075;Tram;FV-78-CK;VDL T800;17-5-2020;29-2-2020;145;262.5
1572;Tram;CT-28-ZE;VDL T800;23-5-2018;22-1-2020;215;687.5
1468;Tram;FO-17-IC;VDL T3200;4-1-2018;18-7-2019;140;200
1002;Bus;SX-71-HF;VDL T800;26-6-2018;31-12-2019;175;812.5
1677;Bus;AW-55-PY;Berkhof C201-B;5-11-2020;9-12-2019;495;525
1163;Bus;OL-37-IH;Berkhof C201-B;27-10-2019;24-7-2020;190;1162.5
1775;Tram;HM-99-EX;DAF G870;13-11-2020;20-10-2020;165;462.5
1264;Bus;VL-33-UX;Berkhof C201;22-10-2020;6-9-2019;315;962.5
1350;Bus;IH-51-FA;DAF G890;15-6-2018;23-3-2018;305;675
1158;Bus;QZ-22-IV;Berkhof C201-C;1-5-2019;18-8-2019;285;487.5
1238;Bus;YY-79-QV;DAF G100;15-6-2020;28-10-2018;315;862.5
1668;Bus;WS-79-UA;Leyland A2-BG;2-11-2018;29-10-2020;440;1025
1054;Bus;NU-11-GF;VDL T1800-B;28-8-2019;23-7-2018;465;425
1649;Tram;AC-91-UB;Mercedes L60-II;8-12-2018;20-2-2018;95;1175
1258;Tram;UQ-75-VC;DAF G870;28-10-2018;24-9-2019;455;337.5
1126;Tram;JN-66-NW;VDL T3200;4-12-2019;5-1-2018;195;600
1804;Bus;LA-35-BW;DAF G890;8-11-2019;31-10-2020;60;1250
1110;Bus;XP-84-MW;Berkhof C201;10-10-2018;29-11-2019;485;725
1529;Bus;OQ-72-JK;DAF G100;21-3-2019;31-1-2018;230;1075
1283;Bus;EO-47-OS;VDL T800;2-10-2020;13-7-2018;250;325
1586;Bus;EV-25-ZB;Berkhof C201-C;11-8-2019;17-1-2018;445;150
1918;Bus;QH-34-PG;Mercedes L60-II;30-5-2018;21-12-2018;390;425
1638;Bus;NS-21-SA;DAF G100;15-2-2018;28-7-2020;420;1012.5
1607;Bus;QE-46-WB;VDL T1800-B;2-1-2018;25-11-2018;80;637.5
1370;Tram;PO-74-BX;Leyland A2-BG;12-2-2020;10-12-2018;380;87.5
1826;Bus;OD-34-AS;Berkhof C201;23-6-2019;11-6-2019;260;812.5
1167;Bus;TB-79-LQ;VDL T3200;26-1-2020;2-11-2019;250;637.5
1180;Bus;MB-41-XE;Mercedes L60;14-4-2018;15-4-2019;380;375
1690;Tram;PW-72-MN;Berkhof C201-C;15-12-2019;28-2-2020;420;1075
1819;Bus;JU-29-LX;Leyland A2-BG;31-5-2020;16-8-2019;450;712.5
1807;Bus;ZL-49-PT;Leyland A2-BG;22-7-2020;23-11-2019;145;375
1020;Bus;ZT-54-EU;Berkhof C201;1-4-2020;25-9-2019;50;1187.5
1208;Tram;FY-77-MA;Berkhof C201-B;2-1-2018;10-2-2018;295;687.5
1392;Tram;ZH-97-ZK;DAF G870;16-12-2018;6-4-2020;65;437.5
1728;Tram;CL-94-GZ;Mercedes L40;17-10-2018;13-8-2019;170;637.5
1367;Tram;OC-14-WT;DAF G100;29-4-2019;14-8-2018;185;237.5
1907;Tram;CA-58-QO;Mercedes L40;24-7-2018;5-3-2019;465;37.5
1526;Tram;IT-46-DC;Berkhof C201-B;24-2-2018;20-5-2019;185;287.5
1620;Tram;LK-11-PD;Berkhof C201-C;13-11-2018;11-4-2020;355;287.5
1100;Bus;VU-44-EX;Mercedes L40;9-3-2019;3-9-2018;115;662.5
1854;Bus;AD-78-RA;Berkhof C201-C;13-9-2019;10-3-2019;295;150
1442;Tram;QC-72-VM;DAF G100;11-3-2020;16-3-2020;270;150
1907;Bus;GI-14-RV;Mercedes L40;6-7-2020;22-6-2020;460;250
1912;Tram;GS-26-OR;Berkhof C201-B;30-6-2018;14-7-2018;230;1175
1374;Bus;DW-36-WD;Mercedes L60;11-5-2018;12-6-2019;50;612.5
1838;Tram;TV-32-PL;DAF G890;21-12-2019;12-7-2020;280;637.5
1953;Bus;CG-56-CW;Mercedes L60-II;21-11-2019;16-2-2018;405;87.5
1513;Bus;AW-86-UK;Mercedes L60-II;27-3-2018;26-5-2019;420;662.5
1028;Bus;IT-95-IR;DAF G890;15-2-2020;11-8-2019;435;75
1293;Bus;QP-89-NJ;VDL T800;14-11-2020;26-5-2018;90;925
1596;Tram;DA-82-NV;Mercedes L60-II;26-5-2018;22-6-2019;265;125
1328;Bus;ZD-17-YU;VDL T1800-B;2-11-2018;22-11-2020;160;1225
1073;Bus;RG-52-XN;Leyland A2-BG;2-3-2019;9-6-2018;245;950
1529;Tram;QF-32-JG;Mercedes L60-II;12-8-2018;21-6-2020;230;450
1829;Tram;UR-36-JR;Mercedes L60-II;29-9-2019;25-2-2019;325;750
1545;Tram;VC-92-PR;Mercedes L40;26-2-2018;20-11-2020;265;675
1351;Bus;XF-13-ME;VDL T3200;10-8-2018;12-4-2018;305;562.5
1670;Tram;AU-27-WC;Leyland A2-BG;6-6-2018;13-7-2019;475;612.5
1682;Bus;OY-18-QT;VDL T3200;7-8-2018;19-4-2020;75;125
1461;Tram;GR-81-DE;DAF G870;12-3-2018;10-10-2020;185;500
1569;Bus;OU-33-OL;DAF G100;6-5-2020;25-10-2018;175;50
1277;Tram;QS-91-IC;VDL T3200;18-3-2020;5-4-2020;455;500
1427;Bus;DB-69-SZ;Mercedes L40;20-11-2019;12-10-2019;220;1175
1011;Tram;PI-12-QN;Leyland A2-BF;17-7-2019;3-7-2019;105;187.5
1901;Tram;CU-82-UC;Mercedes L60-II;29-10-2018;17-4-2020;95;587.5
1788;Tram;MW-65-HF;Leyland A2-BF;13-10-2020;12-7-2019;250;462.5
1905;Bus;PS-86-HC;Berkhof C201;6-6-2019;16-5-2018;220;762.5
1414;Bus;PQ-86-WG;Mercedes L60;28-6-2020;7-10-2020;450;562.5
1823;Bus;XS-66-FD;DAF G100;28-11-2018;8-11-2018;270;62.5
1646;Bus;NA-76-BQ;DAF G100;1-11-2018;9-5-2020;455;1025
1873;Tram;CE-84-FL;DAF G890;5-5-2019;27-10-2020;265;175
1580;Bus;WQ-15-XS;VDL T1800-B;4-9-2019;31-10-2019;445;1187.5
1930;Bus;XQ-59-UQ;DAF G890;9-6-2020;15-11-2019;70;1237.5
1331;Bus;TJ-32-HJ;Berkhof C201-B;6-9-2018;16-11-2019;120;187.5
1653;Bus;AF-94-SW;Berkhof C201;30-8-2020;23-5-2020;310;312.5
1592;Bus;UI-71-EZ;VDL T1800-B;3-12-2019;30-5-2020;140;25
1004;Tram;ID-62-NZ;DAF G100;3-6-2019;9-6-2019;335;425
1479;Tram;RL-82-OM;VDL T800;13-1-2019;17-6-2020;280;887.5
1130;Bus;EQ-51-VS;Berkhof C201-C;24-3-2018;20-1-2018;175;787.5
1538;Tram;YA-63-EQ;Berkhof C201-C;4-10-2018;30-4-2020;390;87.5
1586;Bus;HK-39-EA;VDL T1800-B;15-10-2018;2-5-2020;255;1150
1482;Bus;FM-74-XT;Mercedes L60-II;11-10-2019;26-7-2019;160;662.5
1650;Bus;BR-84-PH;Mercedes L60-II;3-6-2019;3-11-2018;360;612.5
1268;Tram;AP-83-IN;Mercedes L60-II;19-5-2018;27-2-2018;55;762.5
1798;Bus;NF-97-HB;Leyland A2-BF;19-6-2020;8-10-2019;250;50
1739;Tram;SZ-15-WN;Mercedes L60;29-12-2019;10-7-2019;170;250
1161;Bus;QM-32-TR;DAF G890;24-2-2018;24-4-2019;110;1112.5
1666;Tram;ZA-56-OR;Mercedes L40;1-7-2018;31-12-2018;315;912.5
1402;Tram;VM-33-GC;VDL T3200;19-6-2019;6-8-2019;135;1225
1941;Bus;DR-67-ZD;Mercedes L40;27-8-2019;17-8-2020;420;1237.5
1853;Bus;ZI-74-MH;Berkhof C201;6-11-2019;9-7-2019;75;725
1249;Tram;LI-47-MM;VDL T800;19-4-2018;12-3-2020;385;1112.5
1816;Bus;KY-67-LA;Mercedes L60-II;21-12-2019;19-9-2020;140;675
1239;Tram;DL-87-BG;VDL T3200;26-9-2020;24-6-2018;325;500
1467;Bus;GP-72-TC;DAF G100;15-1-2020;29-2-2020;360;487.5
1544;Tram;ZD-98-NM;Leyland A2-BF;23-5-2020;16-4-2018;270;25
1277;Bus;LC-29-PB;VDL T800;27-11-2018;5-2-2018;220;87.5
1102;Tram;MS-94-ZL;Mercedes L40;23-2-2019;7-3-2020;330;900
1163;Tram;RF-44-YW;Mercedes L60;21-11-2018;1-6-2019;175;612.5
1773;Tram;OL-11-QR;VDL T800;23-4-2020;15-3-2018;400;800
1649;Bus;NA-35-VF;DAF G870;22-8-2018;8-8-2019;305;900
1688;Tram;ML-69-FH;VDL T3200;6-1-2018;11-8-2020;480;225
1772;Tram;ZB-89-VP;Mercedes L40;23-1-2020;23-5-2020;160;1100
1829;Bus;VE-29-EH;Berkhof C201-B;19-5-2019;12-7-2019;460;1187.5
1373;Bus;VL-63-TM;DAF G870;31-8-2020;11-6-2018;270;650
1712;Tram;FQ-26-JF;Berkhof C201-C;11-3-2020;28-11-2019;105;687.5
1466;Tram;ID-95-ZB;Mercedes L60;4-1-2020;10-1-2019;295;1012.5
1611;Tram;YY-91-DG;Leyland A2-BG;4-10-2018;1-1-2019;315;1100
1177;Bus;YA-89-WT;VDL T3200;3-1-2020;10-4-2018;290;1062.5
1091;Tram;OB-51-SX;VDL T3200;28-9-2020;14-6-2018;455;887.5
1879;Bus;DS-81-RO;Leyland A2-BG;17-1-2020;6-12-2018;335;462.5
1133;Tram;JZ-63-JR;VDL T800;28-10-2019;21-5-2019;170;137.5
1642;Tram;TZ-25-GC;VDL T1800-B;14-11-2019;7-11-2020;320;162.5
1841;Bus;CE-54-RK;Leyland A2-BG;14-8-2018;18-8-2020;85;475
1264;Bus;HU-49-RJ;Mercedes L60-II;8-5-2018;11-2-2018;90;225
1420;Bus;KB-67-LJ;VDL T3200;25-9-2018;2-8-2020;475;287.5
1498;Tram;JD-83-WU;DAF G100;17-1-2019;21-6-2018;70;725
1765;Tram;MT-22-SO;Leyland A2-BG;7-1-2018;5-6-2018;95;1025
1168;Tram;BZ-12-GR;DAF G870;4-3-2018;17-8-2020;470;512.5
1800;Bus;MZ-11-ZN;Mercedes L60-II;30-4-2019;27-11-2019;95;975
1486;Tram;FH-24-TA;VDL T3200;22-11-2019;12-2-2019;145;1187.5
1505;Bus;VM-98-HJ;Mercedes L40;2-5-2018;27-6-2019;120;287.5
1117;Tram;TS-63-BS;VDL T1800-B;14-8-2019;7-7-2019;180;837.5
1598;Bus;GL-63-YM;DAF G890;27-3-2018;14-2-2020;415;412.5
1469;Tram;GS-95-RX;DAF G870;21-5-2018;19-3-2018;245;700
1437;Tram;KQ-26-UW;VDL T1800-B;28-9-2019;1-2-2019;300;1187.5
1201;Bus;MO-55-TT;Berkhof C201-B;19-2-2018;12-4-2020;440;400
1674;Bus;NP-97-ZI;DAF G870;3-10-2020;14-10-2020;50;1200
1821;Bus;IM-81-FA;Berkhof C201-C;27-5-2020;2-2-2018;310;1175
1902;Bus;NS-97-UB;DAF G890;4-4-2018;10-1-2020;415;1062.5
1797;Bus;QN-69-SI;Mercedes L40;19-9-2018;6-10-2019;75;325
1916;Bus;DT-61-EW;Mercedes L40;7-1-2020;11-3-2018;110;637.5
1735;Tram;AK-78-FG;VDL T3200;28-6-2018;18-5-2018;265;112.5
1829;Bus;HI-44-PW;DAF G890;18-9-2019;6-3-2019;405;625
1310;Tram;CZ-63-FK;Leyland A2-BF;30-3-2019;14-1-2019;60;1212.5
1699;Bus;JV-76-AH;Berkhof C201;29-12-2018;21-2-2018;100;712.5
1637;Tram;UB-95-OR;DAF G870;9-7-2020;3-2-2020;230;625
1202;Tram;JY-14-RY;Leyland A2-BF;22-6-2018;8-8-2020;450;675
1230;Bus;NQ-19-GH;Leyland A2-BG;8-10-2018;4-6-2020;355;225
1497;Bus;LH-34-KF;Mercedes L60;19-6-2019;12-7-2018;390;912.5
1695;Bus;GP-16-DL;Mercedes L60;13-7-2019;27-5-2020;475;1012.5
1806;Tram;ZW-55-BU;Leyland A2-BG;11-9-2018;19-5-2018;90;1000
1904;Bus;NH-21-VT;Berkhof C201;26-10-2020;23-10-2018;55;350
1390;Tram;TE-74-EB;Mercedes L40;26-11-2018;16-7-2019;500;400
1496;Bus;WJ-45-KZ;Mercedes L40;28-6-2020;13-7-2019;210;350
1795;Bus;ID-84-BE;Berkhof C201;6-2-2019;8-12-2018;170;987.5
1059;Bus;VA-53-JX;Leyland A2-BG;18-9-2019;28-7-2019;460;662.5
1517;Bus;JZ-91-WL;Mercedes L40;21-11-2019;10-10-2020;490;862.5
1922;Tram;WF-27-PC;DAF G870;15-3-2019;25-4-2018;270;1212.5
1597;Tram;MT-57-IA;VDL T800;16-6-2020;9-7-2020;200;912.5
1001;Tram;KC-15-KC;Berkhof C201-C;20-10-2018;13-10-2018;480;937.5
1251;Bus;FK-65-QK;VDL T3200;27-6-2020;22-2-2019;75;737.5
1439;Bus;NT-49-XL;Leyland A2-BG;8-11-2019;14-5-2018;260;700
1112;Bus;WW-44-DW;VDL T1800-B;29-3-2018;18-12-2018;85;1050
1437;Tram;FR-88-TB;VDL T1800-B;15-6-2020;22-12-2019;310;162.5
1898;Tram;BI-71-WL;Mercedes L40;19-8-2018;21-1-2018;355;512.5
1195;Bus;ZX-41-MY;Berkhof C201-B;18-3-2020;29-9-2020;500;412.5
1410;Tram;AT-24-WL;Mercedes L60-II;3-6-2020;28-4-2020;375;37.5
1960;Tram;WU-97-CF;Berkhof C201-B;15-7-2018;10-5-2018;220;600
1362;Bus;RU-37-DN;Berkhof C201;28-11-2018;15-1-2019;175;450
1522;Bus;EI-73-TA;VDL T800;10-10-2019;23-10-2019;200;1237.5
1741;Tram;WC-84-BE;Berkhof C201;19-11-2020;19-9-2019;70;1237.5
1933;Bus;UX-77-HN;Berkhof C201-B;23-3-2018;27-12-2019;415;787.5
1286;Tram;SM-99-CG;Berkhof C201;17-1-2018;15-12-2019;380;425
1032;Bus;JN-26-PS;DAF G100;15-8-2019;7-3-2020;375;350
1564;Tram;GQ-24-TO;Berkhof C201;20-11-2020;16-5-2018;365;837.5
1899;Bus;WW-37-EH;Berkhof C201;25-1-2020;15-11-2020;305;225
1421;Bus;BG-32-RI;VDL T3200;13-9-2020;30-7-2020;135;37.5
1270;Tram;YX-27-CT;VDL T800;12-2-2019;17-3-2019;465;1100
1475;Tram;AS-94-PF;Mercedes L60;11-1-2019;9-9-2018;415;350
1682;Bus;IC-11-WP;Berkhof C201-B;17-4-2018;24-11-2018;380;800
1146;Tram;OE-38-EZ;Berkhof C201-C;4-10-2020;4-5-2019;115;1087.5
1532;Tram;BR-56-AY;VDL T800;15-3-2018;29-3-2020;455;925
1717;Tram;GM-47-IF;Berkhof C201-B;28-3-2018;1-8-2020;120;1162.5
1838;Tram;DI-79-HG;DAF G870;12-6-2020;31-7-2020;235;600
1936;Tram;MF-15-SR;Leyland A2-BG;29-10-2019;7-2-2019;425;1050
1338;Bus;XU-66-NK;DAF G100;19-8-2018;27-5-2019;420;1112.5
1337;Bus;YB-19-UV;Mercedes L60-II;23-5-2020;9-5-2018;240;975
1147;Tram;LU-14-TI;Mercedes L40;25-7-2020;19-7-2019;210;75
1859;Tram;JO-63-AN;Mercedes L60-II;24-11-2019;31-3-2018;70;62.5
1164;Tram;SI-46-KQ;Mercedes L60;18-4-2019;27-9-2020;210;387.5
1531;Bus;CB-47-VO;Mercedes L40;15-11-2019;13-12-2019;105;375
1690;Bus;AT-54-EZ;VDL T800;21-1-2020;15-10-2020;330;1237.5
1387;Tram;EU-47-JP;Mercedes L60;17-2-2018;13-12-2019;110;637.5
1038;Bus;ET-85-LE;VDL T1800-B;28-4-2020;18-10-2019;315;625
1055;Tram;EV-77-FZ;VDL T800;23-10-2019;18-9-2019;270;487.5
1282;Tram;YA-87-RE;Leyland A2-BG;26-7-2020;3-9-2020;375;487.5
1498;Tram;PB-48-OK;VDL T1800-B;5-3-2018;26-7-2020;360;262.5
1815;Bus;IX-87-QC;Berkhof C201;29-9-2018;7-9-2019;300;537.5
1663;Tram;SK-14-AQ;VDL T3200;19-2-2019;8-6-2020;415;700
1511;Tram;TR-38-DR;DAF G890;2-8-2020;26-4-2019;195;950
1087;Bus;VQ-76-JX;DAF G100;21-6-2019;16-5-2019;70;1175
1169;Bus;ST-29-PZ;Mercedes L40;30-7-2018;5-5-2019;375;662.5
1557;Tram;SZ-17-OQ;VDL T800;16-12-2019;16-1-2018;485;800
1726;Tram;ZB-92-AQ;Mercedes L60-II;26-6-2020;25-2-2019;160;1012.5
1152;Bus;UM-78-UI;Mercedes L60-II;19-5-2018;18-8-2019;180;137.5
1982;Tram;BB-19-BV;DAF G870;4-11-2019;24-10-2020;325;425
1656;Bus;FZ-37-JO;Leyland A2-BG;16-11-2018;8-11-2018;150;325
1584;Bus;HK-65-KV;DAF G870;10-6-2018;5-9-2020;200;1125
1047;Tram;JD-82-HY;VDL T3200;8-1-2019;5-11-2020;335;937.5
1155;Tram;FD-39-GU;VDL T1800-B;4-9-2018;10-10-2018;405;312.5
1826;Tram;KV-69-KY;VDL T3200;27-5-2019;12-6-2020;180;450
1465;Bus;RK-11-KZ;Leyland A2-BF;6-4-2018;6-6-2018;470;437.5
1829;Bus;NL-58-OW;VDL T1800-B;29-7-2018;22-9-2018;90;512.5
1879;Tram;SR-25-FV;Berkhof C201;21-11-2020;3-5-2020;265;225
1824;Tram;TZ-68-HR;DAF G100;18-3-2018;2-1-2020;115;387.5
1988;Tram;VS-28-WY;VDL T1800-B;19-5-2019;29-12-2019;290;650
1217;Tram;AT-15-BZ;Leyland A2-BF;19-9-2020;19-8-2020;290;1012.5
1610;Bus;QH-55-HV;DAF G890;15-7-2019;14-11-2018;290;537.5
1766;Tram;JR-38-ZR;Mercedes L40;16-10-2018;17-11-2019;185;62.5
1195;Bus;BL-53-OU;VDL T1800-B;29-7-2018;16-3-2019;240;262.5
1882;Bus;HW-22-JK;Berkhof C201;3-2-2019;20-4-2018;155;275
1768;Tram;NG-22-RK;Leyland A2-BG;4-3-2020;9-10-2019;410;1062.5
1397;Bus;QK-95-GC;Berkhof C201-C;11-1-2018;7-4-2019;445;425
1968;Tram;EO-63-GW;DAF G870;31-12-2019;7-5-2019;170;1175
1819;Tram;QW-47-SD;DAF G100;9-2-2020;18-5-2020;225;1237.5
1748;Bus;DV-53-ZG;Berkhof C201-C;31-1-2019;23-5-2020;280;875
1923;Bus;CZ-62-AI;DAF G870;14-11-2019;7-7-2020;220;712.5
1408;Tram;KC-71-LN;DAF G890;26-11-2018;15-1-2018;65;112.5
1308;Bus;UN-43-XK;DAF G890;27-3-2018;12-11-2019;155;150
1934;Tram;DN-91-IM;Berkhof C201-B;15-10-2020;8-6-2018;325;1075
1606;Bus;LL-57-BK;VDL T800;21-9-2020;17-7-2019;345;850
1395;Bus;QG-93-KL;Leyland A2-BG;8-10-2019;12-8-2019;430;637.5
1457;Tram;AQ-59-UH;VDL T1800-B;3-10-2018;11-9-2020;415;925
1540;Bus;QP-13-OB;VDL T3200;1-11-2020;4-3-2018;260;1025
1346;Tram;CO-45-SQ;Mercedes L60-II;18-4-2019;17-1-2018;430;812.5
1257;Bus;NV-38-QA;VDL T800;1-6-2019;15-7-2020;170;262.5
1772;Tram;EH-81-JV;DAF G870;10-2-2019;14-4-2019;90;1225
1546;Bus;DK-76-UA;DAF G870;22-1-2020;21-8-2018;120;500
1189;Tram;VS-47-WB;Berkhof C201-C;20-10-2018;26-1-2019;125;962.5
1990;Bus;XN-37-IW;DAF G890;6-8-2019;15-6-2018;440;762.5
1492;Bus;QS-36-JH;DAF G870;19-3-2020;13-1-2020;470;337.5
1896;Bus;QA-64-IG;VDL T1800-B;28-5-2019;26-5-2018;80;512.5
1876;Tram;DF-52-TX;DAF G100;12-9-2020;24-10-2020;380;925
1874;Tram;PS-58-BE;Mercedes L60-II;12-10-2020;9-6-2020;430;825
1820;Tram;QP-28-ZH;DAF G890;8-5-2019;22-10-2018;205;875
1353;Bus;NR-95-WB;VDL T800;3-5-2019;19-9-2019;390;1175
1912;Tram;AH-77-FE;DAF G870;8-9-2019;7-6-2019;435;225
1376;Bus;BC-36-WF;Mercedes L60;7-4-2019;30-6-2019;155;162.5
1576;Tram;GT-49-DM;Mercedes L60;20-9-2018;21-1-2019;430;275
1583;Bus;AL-88-OM;Mercedes L60-II;11-2-2018;18-10-2020;90;1187.5
1300;Bus;KN-58-WJ;DAF G890;6-3-2019;11-10-2018;175;937.5
1712;Bus;LA-67-RB;DAF G100;19-11-2019;3-5-2018;220;187.5
1229;Bus;EQ-37-JH;Mercedes L40;24-6-2020;29-6-2019;310;1212.5
1470;Bus;WC-37-GB;Mercedes L40;16-2-2018;16-12-2019;135;1250
1141;Tram;NZ-67-YI;DAF G890;24-3-2020;14-9-2020;225;512.5
1934;Tram;WO-54-WZ;Leyland A2-BF;10-6-2018;5-4-2020;350;325
1757;Bus;JD-99-NQ;DAF G870;22-11-2020;22-9-2019;490;437.5
1552;Tram;TL-26-XW;Berkhof C201-B;19-9-2020;3-6-2020;360;212.5
1174;Tram;SP-29-IV;VDL T800;6-7-2018;25-1-2018;445;325
1697;Bus;JG-66-VF;Berkhof C201;11-8-2018;12-1-2018;280;337.5
1475;Bus;BX-39-OO;Leyland A2-BG;15-9-2019;7-9-2019;465;850
1381;Bus;JX-43-JX;DAF G870;3-12-2018;12-8-2020;450;450
1626;Tram;CV-28-YO;VDL T1800-B;25-7-2018;15-5-2020;185;450
1300;Tram;CG-51-TI;Leyland A2-BF;17-1-2019;23-6-2020;270;387.5
1339;Tram;UW-14-NH;Berkhof C201-B;2-5-2020;20-11-2018;440;437.5
1745;Bus;IX-97-KP;Berkhof C201;15-4-2018;29-5-2019;315;375
1521;Bus;FY-58-XL;Leyland A2-BF;26-1-2018;2-6-2020;120;250
1538;Tram;PP-29-SF;DAF G870;27-4-2018;16-11-2020;455;937.5
1377;Tram;XJ-27-JC;Mercedes L60-II;10-4-2019;15-6-2020;450;350
1450;Tram;QT-17-VH;DAF G100;30-5-2020;1-3-2018;485;1100
1844;Bus;MP-39-WX;DAF G100;11-1-2018;19-8-2018;105;850
1968;Bus;AL-54-FN;VDL T800;25-7-2019;14-10-2018;250;387.5
1227;Bus;XO-26-NN;Leyland A2-BF;17-5-2018;8-1-2020;160;1162.5
1104;Tram;VY-57-LS;Berkhof C201;7-11-2020;17-9-2019;210;950
1021;Bus;FX-76-NE;Mercedes L60-II;29-1-2020;7-12-2018;485;750
1575;Bus;AC-41-ES;Mercedes L60-II;21-8-2020;3-4-2019;125;150
1291;Bus;TJ-73-SI;Berkhof C201;18-1-2018;9-8-2020;100;537.5
1328;Bus;DS-47-FR;Mercedes L60;23-10-2019;28-1-2018;465;1075
1231;Bus;QU-29-GC;Berkhof C201-B;15-8-2019;4-1-2020;465;200
1026;Bus;QZ-41-QK;VDL T3200;7-1-2018;10-2-2020;370;900
1688;Bus;WQ-19-AJ;VDL T800;8-3-2019;19-9-2018;185;650
1246;Tram;US-25-CJ;Leyland A2-BG;16-12-2018;7-12-2019;500;1087.5
1102;Bus;VI-31-JT;Mercedes L40;17-5-2019;28-4-2018;405;1250
1699;Tram;ZZ-99-CM;Mercedes L60-II;27-4-2019;24-8-2020;485;1225
1464;Bus;MS-89-QK;Leyland A2-BF;7-4-2019;5-2-2018;115;762.5
1823;Bus;YW-18-QX;Berkhof C201-B;9-10-2019;18-10-2018;170;587.5
1230;Tram;TU-15-PJ;Berkhof C201;22-12-2019;27-5-2018;80;50
1652;Bus;PZ-27-XN;VDL T3200;24-6-2018;26-9-2018;325;50
1103;Bus;AF-93-JF;Leyland A2-BF;31-12-2018;12-3-2018;80;712.5
1460;Tram;TB-29-NH;VDL T800;24-6-2019;17-1-2019;260;950
1800;Tram;EW-77-OL;DAF G100;1-7-2019;24-8-2019;195;1237.5
1187;Tram;HB-46-IC;Leyland A2-BG;7-5-2018;28-1-2019;100;962.5
1499;Tram;UG-55-DE;VDL T800;3-9-2019;5-3-2018;140;1000
1255;Bus;UC-14-PN;Leyland A2-BG;10-2-2018;12-1-2019;170;100
1231;Bus;FF-32-WO;Leyland A2-BF;15-6-2018;27-4-2020;400;150
1852;Tram;EG-66-GF;Mercedes L40;22-6-2018;6-4-2018;75;625
1345;Tram;AT-86-UG;VDL T1800-B;17-3-2019;9-3-2018;270;1150
1207;Bus;KX-98-LU;Leyland A2-BG;11-10-2019;14-11-2019;450;775
1695;Bus;QS-65-XA;Berkhof C201-B;14-1-2019;26-8-2019;300;225
1112;Bus;DT-69-TP;Mercedes L40;6-11-2020;21-8-2020;125;975
1991;Tram;YL-96-PI;Leyland A2-BG;20-11-2018;1-5-2019;125;887.5
1678;Bus;KR-85-IF;Leyland A2-BG;24-3-2018;15-2-2019;120;437.5
1560;Tram;KT-62-NH;DAF G870;27-2-2018;1-2-2018;85;1112.5
1171;Tram;PH-89-YA;Berkhof C201-B;31-10-2020;6-8-2018;350;950
1290;Tram;PT-76-TD;DAF G100;16-3-2019;1-2-2020;215;1225
1866;Tram;YP-13-SD;DAF G890;6-2-2020;14-9-2019;465;1075
1770;Bus;HO-85-KH;Mercedes L60-II;8-2-2018;10-11-2018;465;1250
1321;Tram;DE-96-RR;Mercedes L40;22-4-2019;21-1-2019;445;550
1259;Bus;ST-51-IM;Mercedes L60-II;27-1-2020;7-11-2020;400;825
1785;Bus;CY-75-CZ;Berkhof C201-B;14-10-2019;23-10-2019;265;675
1523;Bus;OK-83-KF;DAF G890;1-3-2018;8-6-2019;305;1012.5
1196;Tram;YK-33-VB;Leyland A2-BG;15-3-2018;9-3-2018;80;350
1904;Tram;RB-98-VF;Berkhof C201;9-5-2018;21-8-2018;415;50
1513;Bus;YG-71-GC;Mercedes L60;8-5-2020;23-2-2019;145;1187.5
1188;Bus;CG-62-RE;Mercedes L60-II;2-4-2018;8-7-2018;185;825
1717;Tram;CB-81-CT;Berkhof C201-C;30-8-2019;27-9-2018;280;775
1544;Tram;AC-34-SQ;DAF G100;16-9-2020;12-7-2020;225;525
1989;Tram;ZE-18-UD;Leyland A2-BG;28-8-2018;9-7-2020;480;150
1720;Tram;NU-43-RT;Mercedes L60;23-3-2020;15-8-2019;245;887.5
1649;Bus;HB-95-XH;Mercedes L60;6-6-2018;20-12-2018;120;675
1867;Bus;IH-38-BH;DAF G870;3-6-2020;26-2-2019;360;637.5
1603;Tram;EH-27-WA;VDL T1800-B;16-7-2019;29-4-2020;265;312.5
1576;Bus;UA-86-KW;VDL T1800-B;16-7-2020;16-4-2018;175;650
1549;Bus;QJ-89-WN;VDL T3200;21-3-2019;7-9-2020;135;1250
1974;Bus;CK-72-QZ;VDL T3200;6-5-2018;22-5-2018;195;1025
1906;Bus;PL-63-IH;Mercedes L60;17-4-2019;12-11-2018;100;512.5
1461;Bus;DC-29-JU;Berkhof C201-B;30-4-2018;19-11-2018;480;712.5
1658;Bus;QT-32-FL;Mercedes L60;8-4-2019;1-11-2020;285;1075
1580;Bus;ER-68-QS;Leyland A2-BG;28-1-2019;21-5-2018;120;387.5
1109;Tram;KZ-59-WW;DAF G890;25-4-2018;29-4-2020;65;225
1093;Bus;IW-59-NV;Mercedes L60-II;6-9-2019;31-1-2019;355;175
1789;Bus;LK-85-BX;VDL T3200;2-2-2020;9-8-2018;60;537.5
1155;Bus;RY-28-MG;DAF G890;19-7-2018;24-3-2020;160;700
1062;Tram;OU-62-IR;Mercedes L60-II;28-4-2018;23-2-2018;495;112.5
1691;Tram;ST-17-GZ;Leyland A2-BG;15-10-2018;2-6-2018;440;1037.5
1752;Tram;JB-48-EL;Berkhof C201-C;20-7-2019;15-1-2018;70;775
1861;Tram;EL-65-PJ;VDL T1800-B;4-8-2019;14-11-2019;470;1237.5
1775;Tram;RU-29-WR;DAF G870;1-5-2019;23-5-2019;255;800
1467;Tram;UC-19-XK;Berkhof C201;1-5-2020;30-5-2019;100;1150
1132;Tram;JW-39-SK;Leyland A2-BG;16-6-2020;4-5-2018;180;575
1008;Bus;JX-11-GY;VDL T3200;15-3-2018;30-7-2020;60;550
1080;Bus;GC-36-CU;Berkhof C201-B;10-5-2019;18-9-2020;75;537.5
1307;Bus;SN-13-EA;Leyland A2-BG;14-5-2018;15-8-2020;215;1137.5
1923;Bus;MC-93-OG;DAF G870;17-7-2020;29-12-2019;320;525
1825;Bus;LF-55-AV;Mercedes L60;27-3-2019;26-1-2020;130;362.5
1350;Bus;AC-11-EU;DAF G890;1-7-2018;12-4-2019;445;550
1262;Bus;AH-13-WR;VDL T800;20-4-2019;22-9-2018;50;400
1554;Bus;BY-33-TE;Mercedes L60-II;19-1-2019;28-4-2018;270;387.5
1596;Tram;ON-28-AN;Berkhof C201-C;21-7-2020;28-11-2018;390;162.5
1670;Bus;WU-83-RK;DAF G890;5-11-2020;27-5-2019;60;250
1097;Bus;DK-42-OJ;DAF G890;22-1-2020;3-11-2019;395;1175
1791;Bus;IT-51-QR;VDL T3200;8-7-2018;20-8-2018;475;62.5
1878;Bus;RK-99-ZN;Berkhof C201;3-2-2020;31-10-2019;100;800
1547;Tram;JF-79-FA;Mercedes L40;20-1-2020;10-2-2018;285;362.5
1423;Bus;CO-47-LG;Mercedes L60-II;21-1-2020;9-1-2020;110;550
1703;Bus;ED-73-JJ;VDL T800;31-3-2018;6-2-2020;440;775
1498;Bus;JM-53-DF;VDL T1800-B;12-3-2018;30-9-2018;390;162.5
1980;Bus;SF-86-NW;Mercedes L60;28-3-2019;13-7-2018;90;162.5
1028;Tram;MN-56-EW;DAF G890;20-5-2018;11-5-2019;290;712.5
1473;Tram;VG-66-PA;DAF G870;17-11-2020;27-1-2020;85;650
1953;Tram;SF-96-QI;Leyland A2-BG;17-9-2019;13-9-2018;115;787.5
1711;Bus;BH-38-VY;Leyland A2-BG;7-5-2020;5-10-2019;70;1212.5
1093;Tram;CH-18-MI;VDL T1800-B;29-4-2019;28-11-2018;255;1000
1844;Tram;TG-69-WI;Mercedes L60-II;3-3-2018;23-9-2020;415;112.5
1253;Bus;CA-24-GY;VDL T3200;8-3-2018;22-6-2018;85;1225
1049;Bus;TA-94-LX;VDL T1800-B;3-3-2018;2-8-2019;190;700
1103;Tram;DY-42-JQ;Leyland A2-BF;8-2-2020;18-5-2020;100;1225
1590;Bus;WA-98-CU;Leyland A2-BG;21-5-2020;19-6-2020;220;287.5
1768;Tram;EN-12-BF;Berkhof C201-B;26-11-2019;24-11-2018;490;862.5
1106;Tram;QX-82-MJ;VDL T1800-B;22-6-2018;22-10-2018;500;512.5
1889;Tram;EP-93-KU;DAF G870;17-11-2020;10-3-2018;60;1212.5
1680;Tram;UP-77-LH;VDL T800;18-12-2018;16-5-2018;455;200
1675;Bus;LH-59-SL;Berkhof C201;27-1-2018;30-10-2019;360;662.5
1622;Tram;ZO-63-II;DAF G890;30-7-2019;2-1-2020;495;150
1284;Tram;VY-83-DG;Berkhof C201;9-4-2019;26-1-2019;180;487.5
1237;Tram;KP-94-BM;DAF G890;29-12-2018;4-7-2020;225;625
1429;Bus;TP-43-OI;Berkhof C201;4-6-2020;29-5-2018;75;475
1023;Tram;AR-14-XD;Leyland A2-BF;18-3-2018;20-3-2020;335;262.5
1894;Tram;ID-14-FK;VDL T1800-B;12-5-2020;10-6-2018;305;262.5
1999;Tram;DQ-65-CY;DAF G890;2-6-2018;9-1-2019;455;450
1408;Bus;UP-23-KF;Berkhof C201-C;14-2-2019;24-8-2019;125;250
1810;Tram;TQ-42-ZV;DAF G890;5-9-2019;13-6-2018;90;1137.5
1204;Bus;GZ-59-CP;Berkhof C201-C;27-2-2018;15-2-2020;85;850
1508;Tram;EB-46-FW;Mercedes L40;3-10-2020;11-10-2019;235;962.5
1888;Tram;IL-89-IR;Mercedes L60;5-10-2019;22-1-2020;95;550
1938;Tram;QG-37-YL;Berkhof C201-B;15-9-2018;4-10-2020;345;787.5
1699;Tram;NE-58-SQ;Berkhof C201-B;17-4-2019;20-7-2018;195;925
1512;Tram;JC-69-HR;Leyland A2-BF;27-6-2020;27-9-2018;205;825
1909;Bus;ZC-93-NR;VDL T3200;28-11-2019;15-6-2019;140;687.5
1597;Tram;YA-62-VN;Berkhof C201;23-1-2020;14-11-2019;375;462.5
1992;Tram;ZW-89-UA;Leyland A2-BG;26-5-2020;6-3-2020;85;425
